Elevation_ft_NAVD88,Elevation_ft_NGVD29,Area_acres_01,Capacity_acrefeet_01,Area_acres_int,Capacity_acrefeet_int,Area_percent_dif,Capacity_percent_dif
3160,3157.09,69.19,1533.52,69.2,1533.51,0.01,0
3160.01,3157.1,69.19,1534.2,69.2,1534.2,0.01,0
3160.02,3157.11,69.2,1534.89,69.2,1534.89,0.01,0
3160.03,3157.12,69.2,1535.58,69.21,1535.59,0.01,0
3160.04,3157.13,69.21,1536.28,69.21,1536.28,0,0
3160.05,3157.14,69.21,1536.97,69.21,1536.97,0,0
3160.06,3157.15,69.21,1537.66,69.21,1537.66,0,0
3160.07,3157.16,69.21,1538.36,69.22,1538.35,0,0
3160.08,3157.17,69.22,1539.05,69.22,1539.05,0,0
3160.09,3157.18,69.22,1539.74,69.22,1539.74,0,0
3160.1,3157.19,69.23,1540.44,69.23,1540.43,0,0
3160.11,3157.2,69.23,1541.13,69.23,1541.12,0,0
3160.12,3157.21,69.23,1541.82,69.23,1541.81,0,0
3160.13,3157.22,69.24,1542.51,69.24,1542.51,0,0
3160.14,3157.23,69.24,1543.21,69.24,1543.2,0,0
3160.15,3157.24,69.25,1543.9,69.24,1543.89,0,0
3160.16,3157.25,69.25,1544.59,69.25,1544.59,0,0
3160.17,3157.26,69.25,1545.27,69.25,1545.28,0,0
3160.18,3157.27,69.25,1545.97,69.25,1545.97,0,0
3160.19,3157.28,69.26,1546.66,69.26,1546.66,0,0
3160.2,3157.29,69.26,1547.35,69.26,1547.36,0,0
3160.21,3157.3,69.26,1548.05,69.26,1548.05,0,0
3160.22,3157.31,69.26,1548.74,69.27,1548.74,0,0
3160.23,3157.32,69.27,1549.43,69.27,1549.43,0.01,0
3160.24,3157.33,69.27,1550.13,69.27,1550.13,0.01,0
3160.25,3157.34,69.27,1550.82,69.28,1550.82,0.01,0
3160.26,3157.35,69.28,1551.52,69.28,1551.51,0.01,0
3160.27,3157.36,69.28,1552.21,69.28,1552.2,0,0
3160.28,3157.37,69.28,1552.9,69.29,1552.9,0.01,0
3160.29,3157.38,69.29,1553.6,69.29,1553.59,0.01,0
3160.3,3157.39,69.29,1554.29,69.3,1554.28,0.01,0
3160.31,3157.4,69.29,1554.98,69.3,1554.98,0.01,0
3160.32,3157.41,69.3,1555.68,69.3,1555.67,0.01,0
3160.33,3157.42,69.3,1556.36,69.31,1556.36,0.01,0
3160.34,3157.43,69.31,1557.05,69.31,1557.05,0.01,0
3160.35,3157.44,69.31,1557.75,69.31,1557.75,0,0
3160.36,3157.45,69.31,1558.44,69.32,1558.44,0,0
3160.37,3157.46,69.32,1559.13,69.32,1559.13,0,0
3160.38,3157.47,69.32,1559.83,69.32,1559.82,0,0
3160.39,3157.48,69.32,1560.52,69.33,1560.52,0,0
3160.4,3157.49,69.33,1561.22,69.33,1561.21,0,0
3160.41,3157.5,69.33,1561.91,69.33,1561.9,0,0
3160.42,3157.51,69.33,1562.6,69.34,1562.59,0,0
3160.43,3157.52,69.34,1563.3,69.34,1563.29,0,0
3160.44,3157.53,69.34,1563.99,69.34,1563.98,0,0
3160.45,3157.54,69.35,1564.69,69.35,1564.68,0,0
3160.46,3157.55,69.35,1565.38,69.35,1565.37,0,0
3160.47,3157.56,69.36,1566.08,69.35,1566.06,0,0
3160.48,3157.57,69.36,1566.77,69.36,1566.76,0,0
3160.49,3157.58,69.36,1567.45,69.36,1567.45,0,0
3160.5,3157.59,69.37,1568.15,69.36,1568.15,0,0
3160.51,3157.6,69.37,1568.84,69.37,1568.84,0,0
3160.52,3157.61,69.37,1569.53,69.37,1569.53,0,0
3160.53,3157.62,69.38,1570.23,69.37,1570.23,0,0
3160.54,3157.63,69.38,1570.92,69.38,1570.92,0,0
3160.55,3157.64,69.39,1571.62,69.38,1571.62,-0.01,0
3160.56,3157.65,69.39,1572.31,69.38,1572.31,-0.01,0
3160.57,3157.66,69.39,1573.01,69.39,1573.01,-0.01,0
3160.58,3157.67,69.4,1573.7,69.39,1573.7,-0.01,0
3160.59,3157.68,69.4,1574.4,69.39,1574.39,-0.01,0
3160.6,3157.69,69.4,1575.09,69.4,1575.09,-0.01,0
3160.61,3157.7,69.4,1575.79,69.4,1575.78,-0.01,0
3160.62,3157.71,69.41,1576.48,69.4,1576.48,0,0
3160.63,3157.72,69.41,1577.18,69.41,1577.17,0,0
3160.64,3157.73,69.41,1577.87,69.41,1577.87,0,0
3160.65,3157.74,69.42,1578.57,69.41,1578.56,0,0
3160.66,3157.75,69.42,1579.25,69.42,1579.25,0,0
3160.67,3157.76,69.42,1579.94,69.42,1579.95,0,0
3160.68,3157.77,69.43,1580.64,69.42,1580.64,0,0
3160.69,3157.78,69.43,1581.33,69.43,1581.34,0,0
3160.7,3157.79,69.43,1582.03,69.43,1582.03,0,0
3160.71,3157.8,69.43,1582.72,69.43,1582.73,0,0
3160.72,3157.81,69.44,1583.42,69.44,1583.42,0,0
3160.73,3157.82,69.44,1584.11,69.44,1584.11,0,0
3160.74,3157.83,69.44,1584.81,69.44,1584.81,0,0
3160.75,3157.84,69.45,1585.51,69.45,1585.5,0,0
3160.76,3157.85,69.45,1586.2,69.45,1586.2,0,0
3160.77,3157.86,69.45,1586.9,69.45,1586.89,0,0
3160.78,3157.87,69.46,1587.59,69.46,1587.59,0,0
3160.79,3157.88,69.46,1588.29,69.46,1588.28,0,0
3160.8,3157.89,69.46,1588.98,69.46,1588.98,0,0
3160.81,3157.9,69.47,1589.68,69.47,1589.67,0,0
3160.82,3157.91,69.47,1590.36,69.47,1590.37,0,0
3160.83,3157.92,69.47,1591.05,69.47,1591.06,0,0
3160.84,3157.93,69.47,1591.75,69.48,1591.76,0,0
3160.85,3157.94,69.48,1592.45,69.48,1592.45,0,0
3160.86,3157.95,69.48,1593.14,69.48,1593.14,0,0
3160.87,3157.96,69.48,1593.84,69.48,1593.84,0,0
3160.88,3157.97,69.49,1594.53,69.49,1594.53,0,0
3160.89,3157.98,69.49,1595.23,69.49,1595.23,0,0
3160.9,3157.99,69.49,1595.92,69.49,1595.92,0,0
3160.91,3158,69.49,1596.62,69.5,1596.62,0,0
3160.92,3158.01,69.5,1597.32,69.5,1597.31,0,0
3160.93,3158.02,69.5,1598.01,69.5,1598.01,0.01,0
3160.94,3158.03,69.5,1598.71,69.51,1598.7,0.01,0
3160.95,3158.04,69.51,1599.4,69.51,1599.4,0.01,0
3160.96,3158.05,69.51,1600.1,69.51,1600.09,0.01,0
3160.97,3158.06,69.51,1600.8,69.52,1600.79,0.01,0
3160.98,3158.07,69.51,1601.48,69.52,1601.48,0.01,0
3160.99,3158.08,69.52,1602.17,69.52,1602.18,0.01,0
3161,3158.09,69.52,1602.87,69.52,1602.87,0.01,0
3400,3397.09,24410.15,2306215.85,24410.09,2306222.8,0,0
3400.01,3397.1,24412.29,2306460.26,24412.15,2306467.04,0,0
3400.02,3397.11,24414.48,2306704.7,24414.21,2306711.29,0,0
3400.03,3397.12,24416.59,2306949.15,24416.28,2306955.54,0,0
3400.04,3397.13,24418.7,2307193.63,24418.34,2307199.79,0,0
3400.05,3397.14,24420.77,2307438.13,24420.4,2307444.03,0,0
3400.06,3397.15,24422.84,2307682.65,24422.46,2307688.28,0,0
3400.07,3397.16,24424.9,2307927.19,24424.52,2307932.53,0,0
3400.08,3397.17,24426.98,2308171.76,24426.59,2308176.78,0,0
3400.09,3397.18,24429.04,2308416.34,24428.65,2308421.02,0,0
3400.1,3397.19,24431.11,2308660.94,24430.71,2308665.27,0,0
3400.11,3397.2,24433.15,2308905.56,24432.77,2308909.52,0,0
3400.12,3397.21,24435.18,2309150.21,24434.83,2309153.77,0,0
3400.13,3397.22,24437.19,2309394.87,24436.9,2309398.01,0,0
3400.14,3397.23,24439.24,2309639.56,24438.96,2309642.26,0,0
3400.15,3397.24,24441.28,2309884.26,24441.02,2309886.51,0,0
3400.16,3397.25,24443.3,2310128.99,24443.08,2310130.76,0,0
3400.17,3397.26,24445.32,2310373.73,24445.14,2310375,0,0
3400.18,3397.27,24447.37,2310618.5,24447.21,2310619.25,0,0
3400.19,3397.28,24449.44,2310863.28,24449.27,2310863.5,0,0
3400.2,3397.29,24451.47,2311108.09,24451.33,2311107.75,0,0
3400.21,3397.3,24453.53,2311352.92,24453.39,2311351.99,0,0
3400.22,3397.31,24455.63,2311597.77,24455.45,2311596.24,0,0
3400.23,3397.32,24457.63,2311842.64,24457.52,2311840.49,0,0
3400.24,3397.33,24459.64,2312087.53,24459.58,2312084.74,0,0
3400.25,3397.34,24461.7,2312332.43,24461.64,2312328.99,0,0
3400.26,3397.35,24463.74,2312577.36,24463.71,2312573.06,0,0
3400.27,3397.36,24465.8,2312822.32,24465.75,2312817.98,0,0
3400.28,3397.37,24467.86,2313067.29,24467.78,2313062.9,0,0
3400.29,3397.38,24469.93,2313312.28,24469.82,2313307.82,0,0
3400.3,3397.39,24472,2313557.29,24471.86,2313552.74,0,0
3400.31,3397.4,24474.03,2313792.52,24473.9,2313797.65,0,0
3400.32,3397.41,24476.1,2314037.57,24475.94,2314042.57,0,0
3400.33,3397.42,24478.15,2314282.65,24477.98,2314287.49,0,0
3400.34,3397.43,24480.18,2314527.74,24480.02,2314532.41,0,0
3400.35,3397.44,24482.23,2314772.86,24482.05,2314777.33,0,0
3400.36,3397.45,24484.28,2315017.99,24484.09,2315022.25,0,0
3400.37,3397.46,24486.35,2315263.15,24486.13,2315267.17,0,0
3400.38,3397.47,24488.37,2315508.33,24488.17,2315512.09,0,0
3400.39,3397.48,24490.43,2315753.52,24490.21,2315757.01,0,0
3400.4,3397.49,24492.48,2315998.74,24492.25,2316001.93,0,0
3400.41,3397.5,24494.52,2316243.98,24494.29,2316246.84,0,0
3400.42,3397.51,24496.57,2316489.24,24496.33,2316491.76,0,0
3400.43,3397.52,24498.58,2316734.52,24498.36,2316736.68,0,0
3400.44,3397.53,24500.6,2316979.82,24500.4,2316981.6,0,0
3400.45,3397.54,24502.66,2317225.13,24502.44,2317226.52,0,0
3400.46,3397.55,24504.68,2317470.47,24504.48,2317471.44,0,0
3400.47,3397.56,24506.67,2317715.83,24506.52,2317716.36,0,0
3400.48,3397.57,24508.69,2317961.21,24508.56,2317961.28,0,0
3400.49,3397.58,24510.66,2318206.61,24510.6,2318206.2,0,0
3400.5,3397.59,24512.67,2318452.03,24512.63,2318451.11,0,0
3400.51,3397.6,24514.72,2318697.47,24514.67,2318696.03,0,0
3400.52,3397.61,24516.71,2318942.94,24516.71,2318940.95,0,0
3400.53,3397.62,24518.7,2319188.42,24518.75,2319185.87,0,0
3400.54,3397.63,24520.73,2319433.92,24520.79,2319430.79,0,0
3400.55,3397.64,24522.77,2319679.44,24522.83,2319675.71,0,0
3400.56,3397.65,24524.8,2319924.98,24524.87,2319920.63,0,0
3400.57,3397.66,24526.87,2320170.54,24526.9,2320165.55,0,0
3400.58,3397.67,24528.95,2320416.12,24528.94,2320410.47,0,0
3400.59,3397.68,24531.03,2320661.73,24530.98,2320655.34,0,0
3400.6,3397.69,24533.09,2320907.35,24533.03,2320900.93,0,0
3400.61,3397.7,24535.13,2321152.99,24535.08,2321146.52,0,0
3400.62,3397.71,24537.21,2321398.66,24537.13,2321392.11,0,0
3400.63,3397.72,24539.29,2321644.35,24539.17,2321637.7,0,0
3400.64,3397.73,24541.29,2321880.22,24541.22,2321883.29,0,0
3400.65,3397.74,24543.39,2322125.95,24543.27,2322128.88,0,0
3400.66,3397.75,24545.48,2322371.7,24545.32,2322374.47,0,0
3400.67,3397.76,24547.6,2322617.47,24547.37,2322620.06,0,0
3400.68,3397.77,24549.67,2322863.26,24549.42,2322865.65,0,0
3400.69,3397.78,24551.74,2323109.07,24551.46,2323111.24,0,0
3400.7,3397.79,24553.8,2323354.9,24553.51,2323356.83,0,0
3400.71,3397.8,24555.86,2323600.75,24555.56,2323602.42,0,0
3400.72,3397.81,24557.91,2323846.62,24557.61,2323848.01,0,0
3400.73,3397.82,24559.97,2324092.52,24559.66,2324093.6,0,0
3400.74,3397.83,24562.02,2324338.43,24561.7,2324339.19,0,0
3400.75,3397.84,24564.07,2324584.37,24563.75,2324584.77,0,0
3400.76,3397.85,24566.13,2324830.32,24565.8,2324830.36,0,0
3400.77,3397.86,24568.18,2325076.3,24567.85,2325075.95,0,0
3400.78,3397.87,24570.17,2325322.29,24569.9,2325321.54,0,0
3400.79,3397.88,24572.18,2325568.31,24571.95,2325567.13,0,0
3400.8,3397.89,24574.2,2325814.34,24573.99,2325812.72,0,0
3400.81,3397.9,24576.24,2326060.4,24576.04,2326058.31,0,0
3400.82,3397.91,24578.26,2326306.48,24578.09,2326303.9,0,0
3400.83,3397.92,24580.27,2326552.57,24580.14,2326549.49,0,0
3400.84,3397.93,24582.29,2326798.69,24582.19,2326795.08,0,0
3400.85,3397.94,24584.31,2327044.83,24584.23,2327040.67,0,0
3400.86,3397.95,24586.28,2327290.98,24586.28,2327286.26,0,0
3400.87,3397.96,24588.32,2327537.16,24588.33,2327531.85,0,0
3400.88,3397.97,24590.38,2327783.36,24590.38,2327777.44,0,0
3400.89,3397.98,24592.46,2328029.58,24592.43,2328023.03,0,0
3400.9,3397.99,24594.55,2328275.82,24594.48,2328268.62,0,0
3400.91,3398,24596.6,2328522.08,24596.52,2328514.21,0,0
3400.92,3398.01,24598.65,2328768.36,24598.57,2328759.88,0,0
3400.93,3398.02,24600.69,2329014.66,24600.62,2329006.14,0,0
3400.94,3398.03,24602.71,2329260.98,24602.68,2329252.4,0,0
3400.95,3398.04,24604.81,2329507.32,24604.73,2329498.65,0,0
3400.96,3398.05,24606.78,2329743.83,24606.78,2329744.91,0,0
3400.97,3398.06,24608.83,2329990.21,24608.83,2329991.17,0,0
3400.98,3398.07,24610.86,2330236.62,24610.88,2330237.43,0,0
3400.99,3398.08,24612.94,2330483.04,24612.94,2330483.69,0,0
3401,3398.09,24614.91,2330729.48,24614.99,2330729.94,0,0
3700,3697.09,157199.21,24701855.32,157230.83,24705658.16,0.02,0.02
3700.01,3697.1,157206.02,24703428.88,157238.03,24707231.75,0.02,0.02
3700.02,3697.11,157212.88,24705002.51,157245.23,24708805.34,0.02,0.02
3700.03,3697.12,157219.73,24706576.21,157252.43,24710378.94,0.02,0.02
3700.04,3697.13,157226.6,24708149.98,157259.62,24711952.53,0.02,0.02
3700.05,3697.14,157233.46,24709723.81,157266.82,24713526.12,0.02,0.02
3700.06,3697.15,157240.44,24711297.72,157274.02,24715099.72,0.02,0.02
3700.07,3697.16,157247.29,24712871.7,157281.22,24716673.31,0.02,0.02
3700.08,3697.17,157254.14,24714445.74,157288.41,24718246.9,0.02,0.02
3700.09,3697.18,157261.08,24716019.85,157295.61,24719820.5,0.02,0.02
3700.1,3697.19,157267.89,24717594.03,157302.81,24721394.09,0.02,0.02
3700.11,3697.2,157274.7,24719168.28,157310.01,24722967.68,0.02,0.02
3700.12,3697.21,157281.62,24720742.6,157317.2,24724541.28,0.02,0.02
3700.13,3697.22,157288.17,24722278.59,157324.45,24726114.81,0.02,0.02
3700.14,3697.23,157295.03,24723853.04,157331.27,24727688.81,0.02,0.02
3700.15,3697.24,157301.94,24725427.57,157338.08,24729262.81,0.02,0.02
3700.16,3697.25,157308.82,24727002.16,157344.89,24730836.8,0.02,0.02
3700.17,3697.26,157315.63,24728576.82,157351.7,24732410.8,0.02,0.02
3700.18,3697.27,157322.45,24730151.55,157358.51,24733984.79,0.02,0.02
3700.19,3697.28,157329.35,24731726.35,157365.32,24735558.79,0.02,0.02
3700.2,3697.29,157336.14,24733301.21,157372.13,24737132.78,0.02,0.02
3700.21,3697.3,157342.96,24734876.15,157378.95,24738706.78,0.02,0.02
3700.22,3697.31,157349.81,24736451.15,157385.76,24740280.78,0.02,0.02
3700.23,3697.32,157356.68,24738026.22,157392.57,24741854.77,0.02,0.02
3700.24,3697.33,157363.52,24739601.36,157399.38,24743428.77,0.02,0.02
3700.25,3697.34,157370.32,24741176.57,157406.19,24745002.76,0.02,0.02
3700.26,3697.35,157377.19,24742751.84,157413,24746576.76,0.02,0.02
3700.27,3697.36,157383.97,24744327.19,157419.81,24748150.75,0.02,0.02
3700.28,3697.37,157390.84,24745902.6,157426.62,24749724.75,0.02,0.02
3700.29,3697.38,157397.7,24747478.08,157433.44,24751298.75,0.02,0.02
3700.3,3697.39,157404.5,24749053.63,157440.25,24752872.74,0.02,0.02
3700.31,3697.4,157411.31,24750629.25,157447.06,24754446.74,0.02,0.02
3700.32,3697.41,157418.09,24752204.94,157453.87,24756020.73,0.02,0.02
3700.33,3697.42,157424.85,24753780.69,157460.68,24757594.73,0.02,0.02
3700.34,3697.43,157431.55,24755356.51,157467.49,24759168.72,0.02,0.02
3700.35,3697.44,157438.36,24756932.4,157474.3,24760742.72,0.02,0.02
3700.36,3697.45,157445.05,24758508.36,157481.12,24762316.72,0.02,0.02
3700.37,3697.46,157451.87,24760084.38,157487.93,24763890.71,0.02,0.02
3700.38,3697.47,157458.62,24761622.03,157494.74,24765464.71,0.02,0.02
3700.39,3697.48,157465.42,24763198.19,157501.55,24767038.7,0.02,0.02
3700.4,3697.49,157472.22,24764774.42,157508.36,24768612.7,0.02,0.02
3700.41,3697.5,157478.98,24766350.71,157515.17,24770186.7,0.02,0.02
3700.42,3697.51,157485.98,24767927.07,157521.98,24771760.69,0.02,0.02
3700.43,3697.52,157492.66,24769503.5,157528.79,24773334.69,0.02,0.02
3700.44,3697.53,157499.38,24771080,157535.61,24774908.68,0.02,0.02
3700.45,3697.54,157507.09,24772656.57,157542.42,24776482.68,0.02,0.02
3700.46,3697.55,157513.82,24774233.21,157549.23,24778056.8,0.02,0.02
3700.47,3697.56,157520.58,24775809.92,157556,24779633.03,0.02,0.02
3700.48,3697.57,157527.26,24777386.7,157562.77,24781209.26,0.02,0.02
3700.49,3697.58,157533.99,24778963.54,157569.55,24782785.48,0.02,0.02
3700.5,3697.59,157540.7,24780540.46,157576.32,24784361.71,0.02,0.02
3700.51,3697.6,157547.36,24782117.43,157583.09,24785937.94,0.02,0.02
3700.52,3697.61,157555.29,24783694.49,157589.87,24787514.17,0.02,0.02
3700.53,3697.62,157562.02,24785271.61,157596.64,24789090.39,0.02,0.02
3700.54,3697.63,157568.74,24786848.81,157603.41,24790666.62,0.02,0.02
3700.55,3697.64,157575.43,24788426.07,157610.19,24792242.85,0.02,0.02
3700.56,3697.65,157582.11,24790003.39,157616.96,24793819.08,0.02,0.02
3700.57,3697.66,157588.82,24791580.79,157623.73,24795395.3,0.02,0.02
3700.58,3697.67,157595.5,24793158.25,157630.51,24796971.53,0.02,0.02
3700.59,3697.68,157602.17,24794735.77,157637.28,24798547.76,0.02,0.02
3700.6,3697.69,157608.77,24796313.37,157644.05,24800123.99,0.02,0.02
3700.61,3697.7,157615.47,24797891.03,157650.83,24801700.22,0.02,0.02
3700.62,3697.71,157622.19,24799468.75,157657.6,24803276.44,0.02,0.02
3700.63,3697.72,157628.59,24801008.06,157664.37,24804852.67,0.02,0.02
3700.64,3697.73,157635.27,24802585.92,157671.14,24806428.9,0.02,0.02
3700.65,3697.74,157641.96,24804163.85,157677.92,24808005.13,0.02,0.02
3700.66,3697.75,157648.61,24805741.84,157684.69,24809581.35,0.02,0.02
3700.67,3697.76,157655.27,24807319.9,157691.46,24811157.58,0.02,0.02
3700.68,3697.77,157662.01,24808898.03,157698.24,24812733.81,0.02,0.02
3700.69,3697.78,157668.66,24810476.22,157705.01,24814310.04,0.02,0.02
3700.7,3697.79,157675.38,24812054.48,157711.78,24815886.27,0.02,0.02
3700.71,3697.8,157682.15,24813632.81,157718.56,24817462.49,0.02,0.02
3700.72,3697.81,157688.94,24815211.21,157725.33,24819038.72,0.02,0.02
3700.73,3697.82,157695.72,24816789.67,157732.1,24820614.95,0.02,0.02
3700.74,3697.83,157702.44,24818368.2,157738.88,24822191.18,0.02,0.02
3700.75,3697.84,157713.76,24819946.84,157745.65,24823767.4,0.02,0.02
3700.76,3697.85,157720.45,24821525.55,157752.42,24825343.63,0.02,0.02
3700.77,3697.86,157727.16,24823104.33,157759.2,24826919.86,0.02,0.02
3700.78,3697.87,157733.91,24824683.17,157765.97,24828496.09,0.02,0.02
3700.79,3697.88,157740.67,24826262.09,157772.79,24830072.88,0.02,0.02
3700.8,3697.89,157747.43,24827841.07,157779.74,24831651.37,0.02,0.02
3700.81,3697.9,157754.19,24829420.12,157786.69,24833229.85,0.02,0.02
3700.82,3697.91,157760.95,24830999.23,157793.63,24834808.34,0.02,0.02
3700.83,3697.92,157767.69,24832578.42,157800.58,24836386.83,0.02,0.02
3700.84,3697.93,157774.39,24834157.67,157807.53,24837965.32,0.02,0.02
3700.85,3697.94,157781.21,24835736.99,157814.48,24839543.81,0.02,0.02
3700.86,3697.95,157788.09,24837316.38,157821.43,24841122.3,0.02,0.02
3700.87,3697.96,157794.8,24838895.83,157828.38,24842700.79,0.02,0.02
3700.88,3697.97,157801.39,24840436.83,157835.33,24844279.28,0.02,0.02
3700.89,3697.98,157808.21,24842016.42,157842.28,24845857.77,0.02,0.02
3700.9,3697.99,157815.05,24843596.08,157849.23,24847436.25,0.02,0.02
3700.91,3698,157821.92,24845175.81,157856.18,24849014.74,0.02,0.02
3700.92,3698.01,157828.73,24846755.6,157863.12,24850593.23,0.02,0.02
3700.93,3698.02,157835.54,24848335.47,157870.07,24852171.72,0.02,0.02
3700.94,3698.03,157842.42,24849915.4,157877.02,24853750.21,0.02,0.02
3700.95,3698.04,157849.36,24851495.4,157883.97,24855328.7,0.02,0.02
3700.96,3698.05,157856.2,24853075.47,157890.92,24856907.19,0.02,0.02
3700.97,3698.06,157863,24854655.61,157897.87,24858485.68,0.02,0.02
3700.98,3698.07,157869.9,24856235.82,157904.82,24860064.17,0.02,0.02
3700.99,3698.08,157876.8,24857816.09,157911.77,24861642.66,0.02,0.02
3701,3698.09,157883.66,24859396.44,157918.72,24863221.14,0.02,0.02
3701.01,3698.1,157890.49,24860976.85,157925.67,24864799.63,0.02,0.02
3701.02,3698.11,157897.3,24862557.33,157932.62,24866378.12,0.02,0.02
3701.03,3698.12,157904.14,24864137.88,157939.56,24867956.61,0.02,0.02
3701.04,3698.13,157911.11,24865718.5,157946.51,24869535.1,0.02,0.02
3701.05,3698.14,157917.92,24867299.19,157953.46,24871113.59,0.02,0.02
3701.06,3698.15,157924.73,24868879.95,157960.41,24872692.08,0.02,0.02
3701.07,3698.16,157931.64,24870460.77,157967.36,24874270.57,0.02,0.02
3701.08,3698.17,157938.63,24872041.67,157974.31,24875849.06,0.02,0.02
3701.09,3698.18,157945.51,24873622.63,157981.26,24877427.54,0.02,0.02
3701.1,3698.19,157952.4,24875203.67,157988.21,24879006.03,0.02,0.02
3701.11,3698.2,157959.29,24876784.77,157995.16,24880584.52,0.02,0.02
3701.12,3698.21,157966.21,24878365.94,158002.09,24882164,0.02,0.02
3701.13,3698.22,157973.09,24879908.61,158008.99,24883744.74,0.02,0.02
3701.14,3698.23,157980,24881489.92,158015.9,24885325.49,0.02,0.02
3701.15,3698.24,157986.94,24883071.3,158022.81,24886906.23,0.02,0.02
3701.16,3698.25,157993.74,24884652.75,158029.71,24888486.97,0.02,0.02
3701.17,3698.26,158000.58,24886234.27,158036.62,24890067.71,0.02,0.02
3701.18,3698.27,158007.47,24887815.85,158043.53,24891648.45,0.02,0.02
3701.19,3698.28,158014.35,24889397.51,158050.43,24893229.2,0.02,0.02
3701.2,3698.29,158021.28,24890979.23,158057.34,24894809.94,0.02,0.02
3701.21,3698.3,158028.29,24892561.02,158064.25,24896390.68,0.02,0.02
3701.22,3698.31,158035.21,24894142.89,158071.15,24897971.42,0.02,0.02
3701.23,3698.32,158042.02,24895724.82,158078.06,24899552.16,0.02,0.02
3701.24,3698.33,158048.88,24897306.82,158084.97,24901132.9,0.02,0.02
3701.25,3698.34,158055.8,24898888.89,158091.87,24902713.65,0.02,0.02
3701.26,3698.35,158062.66,24900471.02,158098.78,24904294.39,0.02,0.02
3701.27,3698.36,158069.59,24902053.23,158105.68,24905875.13,0.02,0.02
3701.28,3698.37,158076.45,24903635.5,158112.59,24907455.87,0.02,0.02
3701.29,3698.38,158083.35,24905217.85,158119.5,24909036.61,0.02,0.02
3701.3,3698.39,158090.22,24906800.26,158126.4,24910617.36,0.02,0.02
3701.31,3698.4,158097.12,24908382.75,158133.31,24912198.1,0.02,0.02
3701.32,3698.41,158103.9,24909965.3,158140.22,24913778.84,0.02,0.02
3701.33,3698.42,158110.69,24911547.91,158147.12,24915359.58,0.02,0.02
3701.34,3698.43,158117.6,24913130.6,158154.03,24916940.32,0.02,0.02
3701.35,3698.44,158124.37,24914713.36,158160.94,24918521.07,0.02,0.02
3701.36,3698.45,158131.26,24916296.18,158167.84,24920101.81,0.02,0.02
3701.37,3698.46,158138.12,24917879.07,158174.75,24921682.55,0.02,0.02
3701.38,3698.47,158144.91,24919423.43,158181.66,24923263.29,0.02,0.02
3701.39,3698.48,158152.73,24921006.46,158188.56,24924844.03,0.02,0.02
3701.4,3698.49,158160.73,24922589.56,158195.47,24926424.78,0.02,0.02
3701.41,3698.5,158167.59,24924172.75,158202.38,24928005.52,0.02,0.02
3701.42,3698.51,158174.4,24925756,158209.28,24929586.26,0.02,0.02
3701.43,3698.52,158181.24,24927339.33,158216.19,24931167,0.02,0.02
3701.44,3698.53,158188.13,24928922.72,158223.07,24932746.19,0.02,0.02
3701.45,3698.54,158194.98,24930506.18,158230.04,24934331.15,0.02,0.02
3701.46,3698.55,158201.82,24932089.71,158237,24935916.11,0.02,0.02
3701.47,3698.56,158208.73,24933673.3,158243.97,24937501.07,0.02,0.02
3701.48,3698.57,158215.6,24935256.97,158250.93,24939086.03,0.02,0.02
3701.49,3698.58,158222.47,24936840.71,158257.89,24940670.99,0.02,0.02
3701.5,3698.59,158229.32,24938424.51,158264.86,24942255.95,0.02,0.02
3701.51,3698.6,158236.1,24940008.38,158271.82,24943840.9,0.02,0.02
3701.52,3698.61,158242.83,24941592.32,158278.79,24945425.86,0.02,0.02
3701.53,3698.62,158252.53,24943176.33,158285.75,24947010.82,0.02,0.02
3701.54,3698.63,158259.32,24944760.43,158292.71,24948595.78,0.02,0.02
3701.55,3698.64,158266.12,24946344.61,158299.68,24950180.74,0.02,0.02
3701.56,3698.65,158272.96,24947928.85,158306.64,24951765.7,0.02,0.02
3701.57,3698.66,158279.79,24949513.16,158313.61,24953350.66,0.02,0.02
3701.58,3698.67,158286.59,24951097.53,158320.57,24954935.62,0.02,0.02
3701.59,3698.68,158293.41,24952681.98,158327.53,24956520.58,0.02,0.02
3701.6,3698.69,158300.32,24954266.49,158334.5,24958105.54,0.02,0.02
3701.61,3698.7,158307.14,24955851.08,158341.46,24959690.5,0.02,0.02
3701.62,3698.71,158314.01,24957435.73,158348.43,24961275.46,0.02,0.02
3701.63,3698.72,158320.57,24958981.79,158355.39,24962860.42,0.02,0.02
3701.64,3698.73,158327.38,24960566.58,158362.35,24964445.38,0.02,0.02
3701.65,3698.74,158334.21,24962151.43,158369.32,24966030.34,0.02,0.02
3701.66,3698.75,158341.02,24963736.36,158376.28,24967615.3,0.02,0.02
3701.67,3698.76,158347.9,24965321.35,158383.24,24969200.26,0.02,0.02
3701.68,3698.77,158354.85,24966906.41,158390.21,24970785.22,0.02,0.02
3701.69,3698.78,158361.61,24968491.54,158397.17,24972370.18,0.02,0.02
3701.7,3698.79,158368.53,24970076.74,158404.14,24973955.14,0.02,0.02
3701.71,3698.8,158375.37,24971662,158411.1,24975540.1,0.02,0.02
3701.72,3698.81,158382.18,24973247.34,158418.06,24977125.06,0.02,0.02
3701.73,3698.82,158389.98,24974832.74,158425.03,24978710.02,0.02,0.02
3701.74,3698.83,158396.82,24976418.23,158431.99,24980294.98,0.02,0.02
3701.75,3698.84,158403.62,24978003.78,158438.96,24981879.94,0.02,0.02
3701.76,3698.85,158412.05,24979589.4,158445.92,24983464.9,0.02,0.02
3701.77,3698.86,158418.9,24981175.1,158452.85,24985049.79,0.02,0.02
3701.78,3698.87,158425.76,24982760.87,158460.02,24986635.11,0.02,0.02
3701.79,3698.88,158432.57,24984346.71,158467.2,24988220.42,0.02,0.02
3701.8,3698.89,158439.45,24985932.62,158474.38,24989805.74,0.02,0.02
3701.81,3698.9,158446.34,24987518.59,158481.55,24991391.06,0.02,0.02
3701.82,3698.91,158453.18,24989104.64,158488.73,24992976.37,0.02,0.02
3701.83,3698.92,158460.08,24990690.75,158495.91,24994561.69,0.02,0.02
3701.84,3698.93,158466.89,24992276.93,158503.09,24996147.01,0.02,0.02
3701.85,3698.94,158473.73,24993863.18,158510.26,24997732.32,0.02,0.02
3701.86,3698.95,158480.74,24995449.5,158517.44,24999317.64,0.02,0.02
3701.87,3698.96,158487.65,24997035.89,158524.62,25000902.95,0.02,0.02
3701.88,3698.97,158494.22,24998583.66,158531.8,25002488.27,0.02,0.02
3701.89,3698.98,158501.03,25000170.18,158538.97,25004073.59,0.02,0.02
3701.9,3698.99,158507.88,25001756.78,158546.15,25005658.9,0.02,0.02
3701.91,3699,158514.69,25003343.44,158553.33,25007244.22,0.02,0.02
3701.92,3699.01,158521.49,25004930.17,158560.5,25008829.54,0.02,0.02
3701.93,3699.02,158530.39,25006516.98,158567.68,25010414.85,0.02,0.02
3701.94,3699.03,158537.23,25008103.87,158574.86,25012000.17,0.02,0.02
3701.95,3699.04,158544.16,25009690.82,158582.04,25013585.48,0.02,0.02
3701.96,3699.05,158550.97,25011277.85,158589.21,25015170.8,0.02,0.02
3701.97,3699.06,158557.82,25012864.94,158596.39,25016756.12,0.02,0.02
3701.98,3699.07,158564.73,25014452.11,158603.57,25018341.43,0.02,0.02
3701.99,3699.08,158571.55,25016039.34,158610.74,25019926.75,0.02,0.02
3702,3699.09,158578.47,25017626.64,158617.92,25021512.07,0.02,0.02
3702.01,3699.1,158585.26,25019214,158625.1,25023097.38,0.03,0.02
3702.02,3699.11,158592.08,25020801.44,158632.28,25024682.7,0.03,0.02
3702.03,3699.12,158598.9,25022388.95,158639.45,25026268.01,0.03,0.02
3702.04,3699.13,158605.73,25023976.52,158646.63,25027853.33,0.03,0.02
3702.05,3699.14,158616.55,25025564.18,158653.81,25029438.65,0.02,0.02
3702.06,3699.15,158633.76,25027151.99,158660.98,25031023.96,0.02,0.02
3702.07,3699.16,158640.56,25028739.91,158668.16,25032609.28,0.02,0.02
3702.08,3699.17,158647.43,25030327.9,158675.34,25034194.6,0.02,0.02
3702.09,3699.18,158654.25,25031915.96,158682.52,25035779.91,0.02,0.02
3702.1,3699.19,158661.05,25033504.08,158689.69,25037365.26,0.02,0.02
3702.11,3699.2,158667.97,25035092.28,158696.75,25038952.98,0.02,0.02
3702.12,3699.21,158674.82,25036680.54,158703.81,25040540.69,0.02,0.02
3702.13,3699.22,158681.39,25038230.14,158710.87,25042128.4,0.02,0.02
3702.14,3699.23,158688.23,25039818.54,158717.92,25043716.11,0.02,0.02
3702.15,3699.24,158695.09,25041407,158724.98,25045303.82,0.02,0.02
3702.16,3699.25,158701.87,25042995.54,158732.04,25046891.53,0.02,0.02
3702.17,3699.26,158708.64,25044584.15,158739.1,25048479.25,0.02,0.02
3702.18,3699.27,158715.44,25046172.82,158746.16,25050066.96,0.02,0.02
3702.19,3699.28,158722.3,25047761.56,158753.22,25051654.67,0.02,0.02
3702.2,3699.29,158729.13,25049350.37,158760.27,25053242.38,0.02,0.02
3702.21,3699.3,158735.95,25050939.24,158767.33,25054830.09,0.02,0.02
3702.22,3699.31,158742.7,25052528.19,158774.39,25056417.81,0.02,0.02
3702.23,3699.32,158749.51,25054117.2,158781.45,25058005.52,0.02,0.02
3702.24,3699.33,158756.29,25055706.28,158788.51,25059593.23,0.02,0.02
3702.25,3699.34,158763.04,25057295.43,158795.56,25061180.94,0.02,0.02
3702.26,3699.35,158769.85,25058884.65,158802.62,25062768.65,0.02,0.02
3702.27,3699.36,158776.64,25060473.93,158809.68,25064356.37,0.02,0.02
3702.28,3699.37,158783.42,25062063.29,158816.74,25065944.08,0.02,0.02
3702.29,3699.38,158790.21,25063652.71,158823.8,25067531.79,0.02,0.02
3702.3,3699.39,158796.97,25065242.19,158830.85,25069119.5,0.02,0.02
3702.31,3699.4,158803.76,25066831.75,158837.91,25070707.21,0.02,0.02
3702.32,3699.41,158810.57,25068421.37,158844.97,25072294.93,0.02,0.02
3702.33,3699.42,158817.37,25070011.07,158852.03,25073882.64,0.02,0.02
3702.34,3699.43,158824.07,25071600.83,158859.09,25075470.35,0.02,0.02
3702.35,3699.44,158831.31,25073190.66,158866.15,25077058.06,0.02,0.02
3702.36,3699.45,158838.17,25074780.56,158873.2,25078645.77,0.02,0.02
3702.37,3699.46,158844.93,25076370.53,158880.26,25080233.49,0.02,0.02
3702.38,3699.47,158851.75,25077921.78,158887.32,25081821.2,0.02,0.02
3702.39,3699.48,158859.01,25079511.89,158894.38,25083408.91,0.02,0.02
3702.4,3699.49,158865.74,25081102.06,158901.44,25084996.62,0.02,0.02
3702.41,3699.5,158872.5,25082692.3,158908.49,25086584.33,0.02,0.02
3702.42,3699.51,158879.27,25084282.61,158915.55,25088172.04,0.02,0.02
3702.43,3699.52,158886.01,25085872.99,158922.55,25089760.22,0.02,0.02
3702.44,3699.53,158892.75,25087463.44,158929.31,25091350.16,0.02,0.02
3702.45,3699.54,158899.52,25089053.95,158936.07,25092940.09,0.02,0.02
3702.46,3699.55,158906.26,25090644.53,158942.83,25094530.03,0.02,0.02
3702.47,3699.56,158912.98,25092235.18,158949.6,25096119.97,0.02,0.02
3702.48,3699.57,158919.68,25093825.89,158956.36,25097709.91,0.02,0.02
3702.49,3699.58,158926.47,25095416.67,158963.12,25099299.85,0.02,0.02
3702.5,3699.59,158933.13,25097007.52,158969.88,25100889.79,0.02,0.02
3702.51,3699.6,158939.9,25098598.44,158976.64,25102479.73,0.02,0.02
3702.52,3699.61,158946.66,25100189.43,158983.4,25104069.67,0.02,0.02
3702.53,3699.62,158953.37,25101780.48,158990.17,25105659.61,0.02,0.02
3702.54,3699.63,158960.07,25103371.6,158996.93,25107249.55,0.02,0.02
3702.55,3699.64,158966.87,25104962.78,159003.69,25108839.49,0.02,0.02
3702.56,3699.65,158973.64,25106554.04,159010.45,25110429.43,0.02,0.02
3702.57,3699.66,158980.36,25108145.36,159017.21,25112019.37,0.02,0.02
3702.58,3699.67,158986.87,25109736.75,159023.97,25113609.31,0.02,0.02
3702.59,3699.68,158993.71,25111328.21,159030.73,25115199.25,0.02,0.02
3702.6,3699.69,159000.46,25112919.73,159037.5,25116789.19,0.02,0.02
3702.61,3699.7,159007.2,25114511.33,159044.26,25118379.13,0.02,0.02
3702.62,3699.71,159013.94,25116102.99,159051.02,25119969.07,0.02,0.02
3702.63,3699.72,159020.72,25117655.89,159057.78,25121559.01,0.02,0.02
3702.64,3699.73,159027.48,25119247.69,159064.54,25123148.95,0.02,0.02
3702.65,3699.74,159034.26,25120839.55,159071.3,25124738.89,0.02,0.02
3702.66,3699.75,159041.08,25122431.48,159078.07,25126328.83,0.02,0.02
3702.67,3699.76,159047.83,25124023.48,159084.83,25127918.77,0.02,0.02
3702.68,3699.77,159054.55,25125615.54,159091.59,25129508.71,0.02,0.02
3702.69,3699.78,159061.36,25127207.67,159098.35,25131098.65,0.02,0.02
3702.7,3699.79,159068.1,25128799.88,159105.11,25132688.59,0.02,0.02
3702.71,3699.8,159074.83,25130392.14,159111.87,25134278.53,0.02,0.02
3702.72,3699.81,159081.84,25131984.48,159118.63,25135868.47,0.02,0.02
3702.73,3699.82,159088.6,25133576.89,159125.4,25137458.41,0.02,0.02
3702.74,3699.83,159095.37,25135169.36,159132.16,25139048.35,0.02,0.02
3702.75,3699.84,159102.18,25136761.9,159138.92,25140638.28,0.02,0.02
3702.76,3699.85,159108.97,25138354.51,159145.69,25142229.11,0.02,0.02
3702.77,3699.86,159115.7,25139947.19,159152.49,25143821.27,0.02,0.02
3702.78,3699.87,159122.53,25141539.94,159159.28,25145413.43,0.02,0.02
3702.79,3699.88,159129.35,25143132.75,159166.07,25147005.59,0.02,0.02
3702.8,3699.89,159136.13,25144725.63,159172.87,25148597.76,0.02,0.02
3702.81,3699.9,159142.95,25146318.58,159179.66,25150189.92,0.02,0.02
3702.82,3699.91,159149.75,25147911.6,159186.46,25151782.08,0.02,0.02
3702.83,3699.92,159156.55,25149504.68,159193.25,25153374.24,0.02,0.02
3702.84,3699.93,159163.36,25151097.84,159200.04,25154966.41,0.02,0.02
3702.85,3699.94,159170.14,25152691.06,159206.84,25156558.57,0.02,0.02
3702.86,3699.95,159176.95,25154284.35,159213.63,25158150.73,0.02,0.02
3702.87,3699.96,159183.76,25155877.71,159220.42,25159742.89,0.02,0.02
3702.88,3699.97,159190.32,25157432.27,159227.22,25161335.06,0.02,0.02
3702.89,3699.98,159197.09,25159025.76,159234.01,25162927.22,0.02,0.02
3702.9,3699.99,159203.91,25160619.32,159240.8,25164519.38,0.02,0.02
3702.91,3700,159210.72,25162212.95,159247.6,25166111.54,0.02,0.02
3702.92,3700.01,159217.56,25163806.65,159254.39,25167703.7,0.02,0.02
3702.93,3700.02,159224.35,25165400.41,159261.18,25169295.87,0.02,0.02
3702.94,3700.03,159231.12,25166994.25,159267.98,25170888.03,0.02,0.02
3702.95,3700.04,159237.99,25168588.15,159274.77,25172480.19,0.02,0.02
3702.96,3700.05,159244.75,25170182.12,159281.57,25174072.35,0.02,0.02
3702.97,3700.06,159251.53,25171776.16,159288.36,25175664.52,0.02,0.02
3702.98,3700.07,159258.33,25173370.26,159295.15,25177256.68,0.02,0.02
3702.99,3700.08,159265.17,25174964.44,159301.95,25178848.84,0.02,0.02
3703,3700.09,159271.91,25176558.68,159308.74,25180441,0.02,0.02
3703.01,3700.1,159278.69,25178152.99,159315.53,25182033.16,0.02,0.02
3703.02,3700.11,159285.46,25179747.36,159322.33,25183625.33,0.02,0.02
3703.03,3700.12,159292.19,25181341.81,159329.12,25185217.49,0.02,0.02
3703.04,3700.13,159299.01,25182936.32,159335.91,25186809.65,0.02,0.02
3703.05,3700.14,159305.75,25184530.9,159342.71,25188401.81,0.02,0.02
3703.06,3700.15,159312.48,25186125.55,159349.5,25189993.98,0.02,0.02
3703.07,3700.16,159319.22,25187720.26,159356.29,25191586.14,0.02,0.02
3703.08,3700.17,159325.99,25189315.05,159363.13,25193176.59,0.02,0.02
3703.09,3700.18,159332.75,25190909.9,159369.82,25194772.91,0.02,0.02
3703.1,3700.19,159339.42,25192504.81,159376.51,25196369.24,0.02,0.02
3703.11,3700.2,159346.12,25194099.8,159383.2,25197965.56,0.02,0.02
3703.12,3700.21,159352.84,25195694.85,159389.89,25199561.88,0.02,0.02
3703.13,3700.22,159359.28,25197251.06,159396.58,25201158.2,0.02,0.02
3703.14,3700.23,159366.12,25198846.25,159403.26,25202754.52,0.02,0.02
3703.15,3700.24,159372.73,25200441.5,159409.95,25204350.84,0.02,0.02
3703.16,3700.25,159379.38,25202036.82,159416.64,25205947.17,0.02,0.02
3703.17,3700.26,159386.1,25203632.21,159423.33,25207543.49,0.02,0.02
3703.18,3700.27,159392.79,25205227.66,159430.02,25209139.81,0.02,0.02
3703.19,3700.28,159399.41,25206823.18,159436.71,25210736.13,0.02,0.02
3703.2,3700.29,159406.08,25208418.76,159443.4,25212332.45,0.02,0.02
3703.21,3700.3,159412.8,25210014.42,159450.08,25213928.77,0.02,0.02
3703.22,3700.31,159419.5,25211610.14,159456.77,25215525.1,0.02,0.02
3703.23,3700.32,159426.23,25213205.92,159463.46,25217121.42,0.02,0.02
3703.24,3700.33,159432.88,25214801.78,159470.15,25218717.74,0.02,0.02
3703.25,3700.34,159439.56,25216397.7,159476.84,25220314.06,0.02,0.02
3703.26,3700.35,159446.19,25217993.69,159483.53,25221910.38,0.02,0.02
3703.27,3700.36,159452.83,25219589.74,159490.22,25223506.7,0.02,0.02
3703.28,3700.37,159459.52,25221185.86,159496.91,25225103.03,0.02,0.02
3703.29,3700.38,159466.07,25222782.05,159503.59,25226699.35,0.02,0.02
3703.3,3700.39,159472.74,25224378.3,159510.28,25228295.67,0.02,0.02
3703.31,3700.4,159479.46,25225974.62,159516.97,25229891.99,0.02,0.02
3703.32,3700.41,159486.07,25227571.01,159523.66,25231488.31,0.02,0.02
3703.33,3700.42,159492.69,25229167.46,159530.35,25233084.63,0.02,0.02
3703.34,3700.43,159499.42,25230763.98,159537.04,25234680.96,0.02,0.02
3703.35,3700.44,159506.03,25232360.56,159543.73,25236277.28,0.02,0.02
3703.36,3700.45,159512.67,25233957.22,159550.42,25237873.6,0.02,0.02
3703.37,3700.46,159519.41,25235553.94,159557.1,25239469.92,0.02,0.02
3703.38,3700.47,159526.04,25237111.77,159563.79,25241066.24,0.02,0.02
3703.39,3700.48,159532.67,25238708.63,159570.48,25242662.57,0.02,0.02
3703.4,3700.49,159539.26,25240305.54,159577.17,25244258.89,0.02,0.02
3703.41,3700.5,159545.95,25241902.53,159583.85,25245855.16,0.02,0.02
3703.42,3700.51,159552.57,25243499.58,159590.58,25247451.72,0.02,0.02
3703.43,3700.52,159559.17,25245096.69,159597.32,25249048.28,0.02,0.02
3703.44,3700.53,159565.86,25246693.88,159604.05,25250644.84,0.02,0.02
3703.45,3700.54,159572.38,25248291.13,159610.78,25252241.4,0.02,0.02
3703.46,3700.55,159578.94,25249888.44,159617.51,25253837.96,0.02,0.02
3703.47,3700.56,159585.64,25251485.82,159624.25,25255434.52,0.02,0.02
3703.48,3700.57,159592.22,25253083.27,159630.98,25257031.08,0.02,0.02
3703.49,3700.58,159598.89,25254680.78,159637.71,25258627.64,0.02,0.02
3703.5,3700.59,159605.32,25256278.36,159644.45,25260224.2,0.02,0.02
3703.51,3700.6,159611.95,25257876.01,159651.18,25261820.77,0.02,0.02
3703.52,3700.61,159618.52,25259473.72,159657.91,25263417.33,0.02,0.02
3703.53,3700.62,159625.13,25261071.5,159664.65,25265013.89,0.02,0.02
3703.54,3700.63,159631.82,25262669.35,159671.38,25266610.45,0.02,0.02
3703.55,3700.64,159638.47,25264267.26,159678.11,25268207.01,0.02,0.02
3703.56,3700.65,159645.4,25265865.24,159684.84,25269803.57,0.02,0.02
3703.57,3700.66,159652.09,25267463.29,159691.58,25271400.13,0.02,0.02
3703.58,3700.67,159658.73,25269061.4,159698.31,25272996.69,0.02,0.02
3703.59,3700.68,159665.37,25270659.59,159705.04,25274593.25,0.02,0.02
3703.6,3700.69,159672.06,25272257.83,159711.78,25276189.81,0.02,0.02
3703.61,3700.7,159678.78,25273856.15,159718.51,25277786.37,0.02,0.02
3703.62,3700.71,159685.47,25275454.53,159725.24,25279382.94,0.02,0.02
3703.63,3700.72,159692.17,25277014,159731.98,25280979.5,0.02,0.02
3703.64,3700.73,159698.95,25278612.51,159738.71,25282576.06,0.02,0.02
3703.65,3700.74,159705.58,25280211.09,159745.44,25284172.62,0.02,0.02
3703.66,3700.75,159714.84,25281809.74,159752.17,25285769.18,0.02,0.02
3703.67,3700.76,159721.53,25283408.49,159758.91,25287365.74,0.02,0.02
3703.68,3700.77,159728.22,25285007.3,159765.64,25288962.3,0.02,0.02
3703.69,3700.78,159734.86,25286606.17,159772.37,25290558.86,0.02,0.02
3703.7,3700.79,159741.58,25288205.11,159779.11,25292155.42,0.02,0.02
3703.71,3700.8,159748.35,25289804.12,159785.84,25293751.98,0.02,0.02
3703.72,3700.81,159755.03,25291403.2,159792.57,25295348.54,0.02,0.02
3703.73,3700.82,159761.77,25293002.34,159799.31,25296945.11,0.02,0.02
3703.74,3700.83,159768.48,25294601.56,159806.02,25298541.6,0.02,0.02
3703.75,3700.84,159775.23,25296200.83,159813.41,25300140.5,0.02,0.02
3703.76,3700.85,159781.92,25297800.18,159820.8,25301739.4,0.02,0.02
3703.77,3700.86,159788.64,25299399.59,159828.19,25303338.3,0.02,0.02
3703.78,3700.87,159795.36,25300999.07,159835.57,25304937.19,0.03,0.02
3703.79,3700.88,159802.13,25302598.62,159842.96,25306536.09,0.03,0.02
3703.8,3700.89,159808.92,25304198.24,159850.35,25308134.99,0.03,0.02
3703.81,3700.9,159815.7,25305797.92,159857.74,25309733.89,0.03,0.02
3703.82,3700.91,159822.47,25307397.67,159865.13,25311332.79,0.03,0.02
3703.83,3700.92,159847.57,25308997.56,159872.52,25312931.69,0.02,0.02
3703.84,3700.93,159854.26,25310597.63,159879.91,25314530.58,0.02,0.02
3703.85,3700.94,159860.99,25312197.77,159887.3,25316129.48,0.02,0.02
3703.86,3700.95,159867.78,25313797.98,159894.68,25317728.38,0.02,0.02
3703.87,3700.96,159874.6,25315398.25,159902.07,25319327.28,0.02,0.02
3703.88,3700.97,159881.09,25316959.56,159909.46,25320926.18,0.02,0.02
3703.89,3700.98,159887.99,25318559.97,159916.85,25322525.07,0.02,0.02
3703.9,3700.99,159894.9,25320160.44,159924.24,25324123.97,0.02,0.02
3703.91,3701,159901.7,25321760.99,159931.63,25325722.87,0.02,0.02
3703.92,3701.01,159908.52,25323361.6,159939.02,25327321.77,0.02,0.02
3703.93,3701.02,159915.34,25324962.28,159946.4,25328920.67,0.02,0.02
3703.94,3701.03,159922.16,25326563.03,159953.79,25330519.57,0.02,0.02
3703.95,3701.04,159928.92,25328163.85,159961.18,25332118.46,0.02,0.02
3703.96,3701.05,159935.74,25329764.74,159968.57,25333717.36,0.02,0.02
3703.97,3701.06,159944.12,25331365.69,159975.96,25335316.26,0.02,0.02
3703.98,3701.07,159950.96,25332966.73,159983.35,25336915.16,0.02,0.02
3703.99,3701.08,159957.78,25334567.84,159990.74,25338514.06,0.02,0.02
3704,3701.09,159964.68,25336169.01,159998.12,25340112.95,0.02,0.02
3704.01,3701.1,159971.51,25337770.26,160005.51,25341711.85,0.02,0.02
3704.02,3701.11,159978.43,25339371.57,160012.9,25343310.75,0.02,0.02
3704.03,3701.12,159985.32,25340972.95,160020.29,25344909.65,0.02,0.02
3704.04,3701.13,159992.14,25342574.4,160027.68,25346508.55,0.02,0.02
3704.05,3701.14,159998.98,25344175.92,160035.07,25348107.45,0.02,0.02
3704.06,3701.15,160005.86,25345777.51,160042.46,25349706.34,0.02,0.02
3704.07,3701.16,160012.71,25347379.16,160049.79,25351305.62,0.02,0.02
3704.08,3701.17,160019.61,25348980.89,160056.84,25352906.86,0.02,0.02
3704.09,3701.18,160026.51,25350582.68,160063.9,25354508.1,0.02,0.02
3704.1,3701.19,160033.38,25352184.55,160070.95,25356109.33,0.02,0.02
3704.11,3701.2,160040.25,25353786.48,160078.01,25357710.57,0.02,0.02
3704.12,3701.21,160047.07,25355388.48,160085.06,25359311.81,0.02,0.02
3704.13,3701.22,160053.71,25356951.47,160092.11,25360913.04,0.02,0.02
3704.14,3701.23,160060.65,25358553.61,160099.17,25362514.28,0.02,0.02
3704.15,3701.24,160067.53,25360155.81,160106.22,25364115.52,0.02,0.02
3704.16,3701.25,160074.5,25361758.09,160113.28,25365716.75,0.02,0.02
3704.17,3701.26,160081.39,25363360.43,160120.33,25367317.99,0.02,0.02
3704.18,3701.27,160088.23,25364962.84,160127.38,25368919.23,0.02,0.02
3704.19,3701.28,160095.19,25366565.33,160134.44,25370520.46,0.02,0.02
3704.2,3701.29,160102.09,25368167.88,160141.49,25372121.7,0.02,0.02
3704.21,3701.3,160109.03,25369770.5,160148.55,25373722.94,0.02,0.02
3704.22,3701.31,160115.96,25371373.19,160155.6,25375324.17,0.02,0.02
3704.23,3701.32,160122.91,25372975.95,160162.65,25376925.41,0.02,0.02
3704.24,3701.33,160129.75,25374578.78,160169.71,25378526.65,0.02,0.02
3704.25,3701.34,160136.67,25376181.67,160176.76,25380127.88,0.03,0.02
3704.26,3701.35,160143.58,25377784.64,160183.82,25381729.12,0.03,0.02
3704.27,3701.36,160150.48,25379387.68,160190.87,25383330.35,0.03,0.02
3704.28,3701.37,160157.42,25380990.78,160197.92,25384931.59,0.03,0.02
3704.29,3701.38,160164.38,25382593.96,160204.98,25386532.83,0.03,0.02
3704.3,3701.39,160171.35,25384197.2,160212.03,25388134.06,0.03,0.02
3704.31,3701.4,160183.35,25385800.52,160219.09,25389735.3,0.02,0.02
3704.32,3701.41,160190.28,25387403.96,160226.14,25391336.54,0.02,0.02
3704.33,3701.42,160197.19,25389007.46,160233.19,25392937.77,0.02,0.02
3704.34,3701.43,160204.19,25390611.03,160240.25,25394539.01,0.02,0.02
3704.35,3701.44,160211.11,25392214.67,160247.3,25396140.25,0.02,0.02
3704.36,3701.45,160218.15,25393818.39,160254.36,25397741.48,0.02,0.02
3704.37,3701.46,160225.08,25395422.17,160261.41,25399342.72,0.02,0.02
3704.38,3701.47,160231.99,25396986.9,160268.46,25400943.96,0.02,0.02
3704.39,3701.48,160238.91,25398590.82,160275.52,25402545.19,0.02,0.02
3704.4,3701.49,160245.8,25400194.81,160282.49,25404147.25,0.02,0.02
3704.41,3701.5,160252.77,25401798.86,160289.3,25405750.79,0.02,0.02
3704.42,3701.51,160259.43,25403402.99,160296.12,25407354.33,0.02,0.02
3704.43,3701.52,160266.28,25405007.19,160302.93,25408957.86,0.02,0.02
3704.44,3701.53,160273.15,25406611.45,160309.75,25410561.4,0.02,0.02
3704.45,3701.54,160280.06,25408215.79,160316.56,25412164.94,0.02,0.02
3704.46,3701.55,160286.86,25409820.19,160323.38,25413768.48,0.02,0.02
3704.47,3701.56,160293.7,25411424.66,160330.19,25415372.02,0.02,0.02
3704.48,3701.57,160300.52,25413029.2,160337.01,25416975.56,0.02,0.02
3704.49,3701.58,160307.33,25414633.8,160343.82,25418579.1,0.02,0.02
3704.5,3701.59,160314.15,25416238.48,160350.64,25420182.63,0.02,0.02
3704.51,3701.6,160320.96,25417843.22,160357.45,25421786.17,0.02,0.02
3704.52,3701.61,160327.74,25419448.03,160364.27,25423389.71,0.02,0.02
3704.53,3701.62,160334.55,25421052.91,160371.08,25424993.25,0.02,0.02
3704.54,3701.63,160341.33,25422657.86,160377.9,25426596.79,0.02,0.02
3704.55,3701.64,160348.17,25424262.87,160384.71,25428200.33,0.02,0.02
3704.56,3701.65,160354.97,25425867.96,160391.53,25429803.87,0.02,0.02
3704.57,3701.66,160361.71,25427473.11,160398.34,25431407.4,0.02,0.02
3704.58,3701.67,160368.52,25429078.33,160405.16,25433010.94,0.02,0.02
3704.59,3701.68,160375.25,25430683.61,160411.98,25434614.48,0.02,0.02
3704.6,3701.69,160381.94,25432288.97,160418.79,25436218.02,0.02,0.02
3704.61,3701.7,160388.67,25433894.39,160425.61,25437821.56,0.02,0.02
3704.62,3701.71,160395.41,25435499.88,160432.42,25439425.1,0.02,0.02
3704.63,3701.72,160402.11,25437066.27,160439.24,25441028.64,0.02,0.02
3704.64,3701.73,160408.87,25438671.9,160446.05,25442632.17,0.02,0.02
3704.65,3701.74,160415.58,25440277.58,160452.87,25444235.71,0.02,0.02
3704.66,3701.75,160422.57,25441883.34,160459.68,25445839.25,0.02,0.02
3704.67,3701.76,160429.25,25443489.17,160466.5,25447442.79,0.02,0.02
3704.68,3701.77,160436.04,25445095.06,160473.31,25449046.33,0.02,0.02
3704.69,3701.78,160442.74,25446701.02,160480.13,25450649.87,0.02,0.02
3704.7,3701.79,160449.46,25448307.05,160486.94,25452253.41,0.02,0.02
3704.71,3701.8,160456.13,25449913.14,160493.76,25453856.94,0.02,0.02
3704.72,3701.81,160462.84,25451519.31,160500.65,25455458.6,0.02,0.02
3704.73,3701.82,160469.5,25453125.53,160507.29,25457066.3,0.02,0.02
3704.74,3701.83,160476.15,25454731.83,160513.92,25458674,0.02,0.02
3704.75,3701.84,160482.87,25456338.19,160520.56,25460281.7,0.02,0.02
3704.76,3701.85,160489.49,25457944.62,160527.19,25461889.41,0.02,0.02
3704.77,3701.86,160496.22,25459551.12,160533.83,25463497.11,0.02,0.02
3704.78,3701.87,160502.91,25461157.68,160540.46,25465104.81,0.02,0.02
3704.79,3701.88,160509.51,25462764.31,160547.09,25466712.51,0.02,0.02
3704.8,3701.89,160516.14,25464371,160553.73,25468320.21,0.02,0.02
3704.81,3701.9,160522.73,25465977.77,160560.36,25469927.92,0.02,0.02
3704.82,3701.91,160529.4,25467584.59,160567,25471535.62,0.02,0.02
3704.83,3701.92,160536.04,25469191.49,160573.63,25473143.32,0.02,0.02
3704.84,3701.93,160542.67,25470798.45,160580.26,25474751.02,0.02,0.02
3704.85,3701.94,160549.36,25472405.48,160586.9,25476358.72,0.02,0.02
3704.86,3701.95,160555.97,25474012.57,160593.53,25477966.43,0.02,0.02
3704.87,3701.96,160562.57,25475619.73,160600.17,25479574.13,0.02,0.02
3704.88,3701.97,160568.84,25477187.76,160606.8,25481181.83,0.02,0.02
3704.89,3701.98,160575.36,25478795.05,160613.44,25482789.53,0.02,0.02
3704.9,3701.99,160581.95,25480402.4,160620.07,25484397.23,0.02,0.02
3704.91,3702,160588.58,25482009.82,160626.7,25486004.94,0.02,0.02
3704.92,3702.01,160595.13,25483617.31,160633.34,25487612.64,0.02,0.02
3704.93,3702.02,160601.67,25485224.86,160639.97,25489220.34,0.02,0.02
3704.94,3702.03,160608.34,25486832.48,160646.61,25490828.04,0.02,0.02
3704.95,3702.04,160615,25488440.17,160653.24,25492435.75,0.02,0.02
3704.96,3702.05,160621.6,25490047.92,160659.88,25494043.45,0.02,0.02
3704.97,3702.06,160628.21,25491655.74,160666.51,25495651.15,0.02,0.02
3704.98,3702.07,160634.82,25493263.62,160673.14,25497258.85,0.02,0.02
3704.99,3702.08,160641.36,25494871.58,160679.78,25498866.55,0.02,0.02
3705,3702.09,160648,25496479.59,160686.41,25500474.26,0.02,0.02
3705.01,3702.1,160654.66,25498087.67,160693.05,25502081.96,0.02,0.02
3705.02,3702.11,160661.25,25499695.82,160699.68,25503689.66,0.02,0.02
3705.03,3702.12,160667.83,25501304.04,160706.31,25505297.36,0.02,0.02
3705.04,3702.13,160674.37,25502912.32,160712.95,25506905.06,0.02,0.02
3705.05,3702.14,160681.02,25504520.67,160719.57,25508512.71,0.02,0.02
3705.06,3702.15,160687.57,25506129.08,160726.26,25510120.63,0.02,0.02
3705.07,3702.16,160694.2,25507737.56,160732.96,25511728.55,0.02,0.02
3705.08,3702.17,160700.83,25509346.1,160739.66,25513336.47,0.02,0.02
3705.09,3702.18,160707.39,25510954.71,160746.36,25514944.39,0.02,0.02
3705.1,3702.19,160713.99,25512563.39,160753.06,25516552.31,0.02,0.02
3705.11,3702.2,160720.62,25514172.13,160759.76,25518160.23,0.02,0.02
3705.12,3702.21,160727.26,25515780.94,160766.45,25519768.15,0.02,0.02
3705.13,3702.22,160733.66,25517350.58,160773.15,25521376.07,0.02,0.02
3705.14,3702.23,160740.36,25518959.52,160779.85,25522983.99,0.02,0.02
3705.15,3702.24,160747.01,25520568.53,160786.55,25524591.91,0.02,0.02
3705.16,3702.25,160753.68,25522177.6,160793.25,25526199.83,0.02,0.02
3705.17,3702.26,160760.4,25523786.74,160799.94,25527807.75,0.02,0.02
3705.18,3702.27,160768.44,25525395.95,160806.64,25529415.67,0.02,0.02
3705.19,3702.28,160775.1,25527005.24,160813.34,25531023.59,0.02,0.02
3705.2,3702.29,160781.73,25528614.6,160820.04,25532631.51,0.02,0.02
3705.21,3702.3,160788.47,25530224.02,160826.74,25534239.43,0.02,0.02
3705.22,3702.31,160795.16,25531833.51,160833.44,25535847.36,0.02,0.02
3705.23,3702.32,160801.83,25533443.06,160840.13,25537455.28,0.02,0.02
3705.24,3702.33,160808.58,25535052.69,160846.83,25539063.2,0.02,0.02
3705.25,3702.34,160815.21,25536662.38,160853.53,25540671.12,0.02,0.02
3705.26,3702.35,160821.89,25538272.14,160860.23,25542279.04,0.02,0.02
3705.27,3702.36,160828.63,25539881.96,160866.93,25543886.96,0.02,0.02
3705.28,3702.37,160835.42,25541491.85,160873.62,25545494.88,0.02,0.02
3705.29,3702.38,160842.06,25543101.81,160880.32,25547102.8,0.02,0.02
3705.3,3702.39,160848.82,25544711.84,160887.02,25548710.72,0.02,0.02
3705.31,3702.4,160855.47,25546321.93,160893.72,25550318.64,0.02,0.02
3705.32,3702.41,160862.17,25547932.09,160900.42,25551926.56,0.02,0.02
3705.33,3702.42,160868.92,25549542.32,160907.12,25553534.48,0.02,0.02
3705.34,3702.43,160875.67,25551152.61,160913.81,25555142.4,0.02,0.02
3705.35,3702.44,160882.36,25552762.98,160920.51,25556750.32,0.02,0.02
3705.36,3702.45,160889.13,25554373.41,160927.21,25558358.24,0.02,0.02
3705.37,3702.46,160895.9,25555983.9,160933.91,25559966.16,0.02,0.02
3705.38,3702.47,160902.34,25557555.19,160940.6,25561573.93,0.02,0.02
3705.39,3702.48,160909.18,25559165.82,160947.4,25563184.06,0.02,0.02
3705.4,3702.49,160915.93,25560776.52,160954.2,25564794.2,0.02,0.02
3705.41,3702.5,160922.78,25562387.28,160961,25566404.33,0.02,0.02
3705.42,3702.51,160929.53,25563998.12,160967.8,25568014.47,0.02,0.02
3705.43,3702.52,160936.28,25565609.02,160974.6,25569624.6,0.02,0.02
3705.44,3702.53,160943.08,25567219.99,160981.4,25571234.74,0.02,0.02
3705.45,3702.54,160949.89,25568831.03,160988.2,25572844.87,0.02,0.02
3705.46,3702.55,160956.71,25570442.14,160995,25574455.01,0.02,0.02
3705.47,3702.56,160963.52,25572053.31,161001.8,25576065.14,0.02,0.02
3705.48,3702.57,160970.26,25573664.56,161008.59,25577675.28,0.02,0.02
3705.49,3702.58,160977.01,25575275.87,161015.39,25579285.41,0.02,0.02
3705.5,3702.59,160983.75,25576887.24,161022.19,25580895.55,0.02,0.02
3705.51,3702.6,160990.48,25578498.69,161028.99,25582505.68,0.02,0.02
3705.52,3702.61,160997.35,25580110.2,161035.79,25584115.82,0.02,0.02
3705.53,3702.62,161004.24,25581721.78,161042.59,25585725.95,0.02,0.02
3705.54,3702.63,161011.11,25583333.43,161049.39,25587336.09,0.02,0.02
3705.55,3702.64,161017.93,25584945.15,161056.19,25588946.22,0.02,0.02
3705.56,3702.65,161024.68,25586556.94,161062.99,25590556.36,0.02,0.02
3705.57,3702.66,161031.56,25588168.8,161069.79,25592166.49,0.02,0.02
3705.58,3702.67,161038.36,25589780.72,161076.59,25593776.63,0.02,0.02
3705.59,3702.68,161045.18,25591392.71,161083.39,25595386.76,0.02,0.02
3705.6,3702.69,161052.05,25593004.77,161090.19,25596996.9,0.02,0.02
3705.61,3702.7,161058.92,25594616.9,161096.99,25598607.03,0.02,0.02
3705.62,3702.71,161065.74,25596229.1,161103.79,25600217.17,0.02,0.02
3705.63,3702.72,161072.58,25597802.04,161110.59,25601827.3,0.02,0.02
3705.64,3702.73,161079.5,25599414.38,161117.39,25603437.44,0.02,0.02
3705.65,3702.74,161086.33,25601026.78,161124.19,25605047.57,0.02,0.02
3705.66,3702.75,161093.21,25602639.25,161130.99,25606657.71,0.02,0.02
3705.67,3702.76,161100.1,25604251.79,161137.79,25608267.84,0.02,0.02
3705.68,3702.77,161106.91,25605864.4,161144.59,25609877.98,0.02,0.02
3705.69,3702.78,161113.79,25607477.07,161151.39,25611488.11,0.02,0.02
3705.7,3702.79,161120.72,25609089.82,161158.19,25613098.25,0.02,0.02
3705.71,3702.8,161127.61,25610702.64,161165.01,25614708.66,0.02,0.02
3705.72,3702.81,161134.8,25612315.52,161172,25616321.04,0.02,0.02
3705.73,3702.82,161141.75,25613928.48,161178.99,25617933.43,0.02,0.02
3705.74,3702.83,161148.65,25615541.5,161185.98,25619545.82,0.02,0.02
3705.75,3702.84,161155.53,25617154.6,161192.97,25621158.21,0.02,0.02
3705.76,3702.85,161162.4,25618767.76,161199.97,25622770.59,0.02,0.02
3705.77,3702.86,161169.36,25620380.99,161206.96,25624382.98,0.02,0.02
3705.78,3702.87,161176.24,25621994.29,161213.95,25625995.37,0.02,0.02
3705.79,3702.88,161183.16,25623607.67,161220.94,25627607.76,0.02,0.02
3705.8,3702.89,161190.03,25625221.11,161227.93,25629220.14,0.02,0.02
3705.81,3702.9,161196.94,25626834.61,161234.93,25630832.53,0.02,0.02
3705.82,3702.91,161203.78,25628448.19,161241.92,25632444.92,0.02,0.02
3705.83,3702.92,161210.63,25630061.84,161248.91,25634057.31,0.02,0.02
3705.84,3702.93,161217.46,25631675.55,161255.9,25635669.69,0.02,0.02
3705.85,3702.94,161224.29,25633289.33,161262.89,25637282.08,0.02,0.02
3705.86,3702.95,161231.13,25634903.19,161269.88,25638894.47,0.02,0.02
3705.87,3702.96,161238.05,25636517.11,161276.88,25640506.86,0.02,0.02
3705.88,3702.97,161244.67,25638091.73,161283.87,25642119.24,0.02,0.02
3705.89,3702.98,161251.53,25639705.79,161290.86,25643731.63,0.02,0.02
3705.9,3702.99,161258.41,25641319.91,161297.85,25645344.02,0.02,0.02
3705.91,3703,161265.26,25642934.1,161304.84,25646956.41,0.02,0.02
3705.92,3703.01,161272.12,25644548.37,161311.83,25648568.79,0.02,0.02
3705.93,3703.02,161279.07,25646162.7,161318.83,25650181.18,0.02,0.02
3705.94,3703.03,161285.91,25647777.1,161325.82,25651793.57,0.02,0.02
3705.95,3703.04,161292.75,25649391.57,161332.81,25653405.96,0.02,0.02
3705.96,3703.05,161303.17,25651006.11,161339.8,25655018.34,0.02,0.02
3705.97,3703.06,161310.04,25652620.75,161346.79,25656630.73,0.02,0.02
3705.98,3703.07,161316.93,25654235.46,161353.78,25658243.12,0.02,0.02
3705.99,3703.08,161323.86,25655850.24,161360.78,25659855.51,0.02,0.02
3706,3703.09,161330.81,25657465.09,161367.77,25661467.89,0.02,0.02
3706.01,3703.1,161337.75,25659080.01,161374.76,25663080.28,0.02,0.02
3706.02,3703.11,161344.63,25660695,161381.75,25664692.67,0.02,0.02
3706.03,3703.12,161351.53,25662310.05,161388.74,25666305.06,0.02,0.02
3706.04,3703.13,161358.37,25663925.18,161395.7,25667918.16,0.02,0.02
3706.05,3703.14,161365.28,25665540.37,161402.56,25669532.84,0.02,0.02
3706.06,3703.15,161372.15,25667155.64,161409.43,25671147.51,0.02,0.02
3706.07,3703.16,161379.11,25668770.97,161416.3,25672762.19,0.02,0.02
3706.08,3703.17,161386.01,25670386.37,161423.16,25674376.86,0.02,0.02
3706.09,3703.18,161392.9,25672001.84,161430.03,25675991.53,0.02,0.02
3706.1,3703.19,161399.74,25673617.38,161436.9,25677606.21,0.02,0.02
3706.11,3703.2,161406.53,25675232.99,161443.76,25679220.88,0.02,0.02
3706.12,3703.21,161413.47,25676848.67,161450.63,25680835.56,0.02,0.02
3706.13,3703.22,161420.04,25678425,161457.5,25682450.23,0.02,0.02
3706.14,3703.23,161426.94,25680040.82,161464.37,25684064.91,0.02,0.02
3706.15,3703.24,161433.77,25681656.7,161471.23,25685679.58,0.02,0.02
3706.16,3703.25,161440.61,25683272.65,161478.1,25687294.26,0.02,0.02
3706.17,3703.26,161447.5,25684888.67,161484.97,25688908.93,0.02,0.02
3706.18,3703.27,161454.41,25686504.75,161491.83,25690523.61,0.02,0.02
3706.19,3703.28,161461.31,25688120.91,161498.7,25692138.28,0.02,0.02
3706.2,3703.29,161468.13,25689737.14,161505.57,25693752.95,0.02,0.02
3706.21,3703.3,161475,25691353.43,161512.43,25695367.63,0.02,0.02
3706.22,3703.31,161481.83,25692969.79,161519.3,25696982.3,0.02,0.02
3706.23,3703.32,161488.7,25694586.22,161526.17,25698596.98,0.02,0.02
3706.24,3703.33,161495.5,25696202.72,161533.04,25700211.65,0.02,0.02
3706.25,3703.34,161502.38,25697819.29,161539.9,25701826.33,0.02,0.02
3706.26,3703.35,161509.3,25699435.93,161546.77,25703441,0.02,0.02
3706.27,3703.36,161516.14,25701052.63,161553.64,25705055.68,0.02,0.02
3706.28,3703.37,161523.01,25702669.41,161560.5,25706670.35,0.02,0.02
3706.29,3703.38,161529.87,25704286.25,161567.37,25708285.03,0.02,0.02
3706.3,3703.39,161536.7,25705903.16,161574.24,25709899.7,0.02,0.02
3706.31,3703.4,161543.61,25707520.14,161581.1,25711514.38,0.02,0.02
3706.32,3703.41,161550.51,25709137.19,161587.97,25713129.05,0.02,0.02
3706.33,3703.42,161557.47,25710754.31,161594.84,25714743.72,0.02,0.02
3706.34,3703.43,161564.27,25712371.49,161601.71,25716358.4,0.02,0.02
3706.35,3703.44,161571.23,25713988.75,161608.57,25717973.07,0.02,0.02
3706.36,3703.45,161581.05,25715606.09,161615.36,25719585.64,0.02,0.02
3706.37,3703.46,161587.96,25717223.52,161622.39,25721204.58,0.02,0.02
3706.38,3703.47,161594.56,25718801.56,161629.42,25722823.51,0.02,0.02
3706.39,3703.48,161601.47,25720419.12,161636.46,25724442.45,0.02,0.02
3706.4,3703.49,161608.43,25722036.75,161643.49,25726061.38,0.02,0.02
3706.41,3703.5,161615.39,25723654.45,161650.53,25727680.32,0.02,0.02
3706.42,3703.51,161622.36,25725272.21,161657.56,25729299.26,0.02,0.02
3706.43,3703.52,161629.24,25726890.05,161664.59,25730918.19,0.02,0.02
3706.44,3703.53,161636.16,25728507.96,161671.63,25732537.13,0.02,0.02
3706.45,3703.54,161643.12,25730125.94,161678.66,25734156.06,0.02,0.02
3706.46,3703.55,161650.08,25731743.98,161685.69,25735775,0.02,0.02
3706.47,3703.56,161656.93,25733362.1,161692.73,25737393.94,0.02,0.02
3706.48,3703.57,161663.82,25734980.28,161699.76,25739012.87,0.02,0.02
3706.49,3703.58,161670.76,25736598.54,161706.79,25740631.81,0.02,0.02
3706.5,3703.59,161677.64,25738216.86,161713.83,25742250.75,0.02,0.02
3706.51,3703.6,161684.55,25739835.25,161720.86,25743869.68,0.02,0.02
3706.52,3703.61,161691.51,25741453.71,161727.9,25745488.62,0.02,0.02
3706.53,3703.62,161698.41,25743072.24,161734.93,25747107.55,0.02,0.02
3706.54,3703.63,161705.39,25744690.84,161741.96,25748726.49,0.02,0.02
3706.55,3703.64,161712.4,25746309.51,161749,25750345.43,0.02,0.02
3706.56,3703.65,161719.36,25747928.25,161756.03,25751964.36,0.02,0.02
3706.57,3703.66,161726.28,25749547.06,161763.06,25753583.3,0.02,0.02
3706.58,3703.67,161733.29,25751165.94,161770.1,25755202.24,0.02,0.02
3706.59,3703.68,161740.25,25752784.89,161777.13,25756821.17,0.02,0.02
3706.6,3703.69,161747.26,25754403.91,161784.17,25758440.11,0.02,0.02
3706.61,3703.7,161754.18,25756023,161791.2,25760059.04,0.02,0.02
3706.62,3703.71,161761.24,25757642.16,161798.23,25761677.98,0.02,0.02
3706.63,3703.72,161768.25,25759221.89,161805.27,25763296.92,0.02,0.02
3706.64,3703.73,161775.3,25760841.19,161812.3,25764915.85,0.02,0.02
3706.65,3703.74,161782.26,25762460.56,161819.33,25766534.79,0.02,0.02
3706.66,3703.75,161789.28,25764079.99,161826.37,25768153.72,0.02,0.02
3706.67,3703.76,161796.29,25765699.5,161833.4,25769772.66,0.02,0.02
3706.68,3703.77,161803.43,25767319.08,161840.44,25771391.6,0.02,0.02
3706.69,3703.78,161810.48,25768938.73,161847.41,25773010.42,0.02,0.02
3706.7,3703.79,161817.43,25770558.45,161854.65,25774629.73,0.02,0.02
3706.71,3703.8,161824.39,25772178.24,161861.89,25776249.03,0.02,0.02
3706.72,3703.81,161831.38,25773798.1,161869.13,25777868.34,0.02,0.02
3706.73,3703.82,161838.45,25775418.03,161876.37,25779487.64,0.02,0.02
3706.74,3703.83,161845.49,25777038.03,161883.61,25781106.95,0.02,0.02
3706.75,3703.84,161858.96,25778658.12,161890.85,25782726.25,0.02,0.02
3706.76,3703.85,161865.94,25780278.33,161898.09,25784345.56,0.02,0.02
3706.77,3703.86,161873.06,25781898.6,161905.33,25785964.86,0.02,0.02
3706.78,3703.87,161880.14,25783518.95,161912.57,25787584.17,0.02,0.02
3706.79,3703.88,161887.23,25785139.36,161919.81,25789203.47,0.02,0.02
3706.8,3703.89,161894.28,25786759.85,161927.06,25790822.78,0.02,0.02
3706.81,3703.9,161901.32,25788380.41,161934.3,25792442.08,0.02,0.02
3706.82,3703.91,161908.38,25790001.04,161941.54,25794061.39,0.02,0.02
3706.83,3703.92,161915.43,25791621.74,161948.78,25795680.69,0.02,0.02
3706.84,3703.93,161922.4,25793242.51,161956.02,25797300,0.02,0.02
3706.85,3703.94,161929.5,25794863.35,161963.26,25798919.3,0.02,0.02
3706.86,3703.95,161936.46,25796484.26,161970.5,25800538.61,0.02,0.02
3706.87,3703.96,161943.49,25798105.24,161977.74,25802157.91,0.02,0.02
3706.88,3703.97,161950.21,25799686.75,161984.98,25803777.22,0.02,0.02
3706.89,3703.98,161957.25,25801307.87,161992.22,25805396.52,0.02,0.02
3706.9,3703.99,161964.29,25802929.06,161999.46,25807015.83,0.02,0.02
3706.91,3704,161971.44,25804550.32,162006.7,25808635.13,0.02,0.02
3706.92,3704.01,161978.57,25806171.66,162013.95,25810254.44,0.02,0.02
3706.93,3704.02,161985.65,25807793.06,162021.19,25811873.74,0.02,0.02
3706.94,3704.03,161992.72,25809414.53,162028.43,25813493.05,0.02,0.02
3706.95,3704.04,161999.85,25811036.08,162035.67,25815112.35,0.02,0.02
3706.96,3704.05,162006.93,25812657.7,162042.91,25816731.65,0.02,0.02
3706.97,3704.06,162014.07,25814279.38,162050.15,25818350.96,0.02,0.02
3706.98,3704.07,162021.18,25815901.14,162057.39,25819970.26,0.02,0.02
3706.99,3704.08,162028.3,25817522.97,162064.63,25821589.57,0.02,0.02
3707,3704.09,162035.45,25819144.87,162071.87,25823208.87,0.02,0.02
3707.01,3704.1,162042.58,25820766.85,162079.11,25824828.18,0.02,0.02
3707.02,3704.11,162049.68,25822388.89,162086.35,25826447.22,0.02,0.02
3707.03,3704.12,162056.75,25824011.01,162093.63,25828068.88,0.02,0.02
3707.04,3704.13,162063.85,25825633.19,162100.91,25829690.53,0.02,0.02
3707.05,3704.14,162070.96,25827255.45,162108.2,25831312.18,0.02,0.02
3707.06,3704.15,162078.07,25828877.78,162115.48,25832933.84,0.02,0.02
3707.07,3704.16,162085.19,25830500.18,162122.76,25834555.49,0.02,0.02
3707.08,3704.17,162092.36,25832122.65,162130.04,25836177.14,0.02,0.02
3707.09,3704.18,162099.41,25833745.19,162137.32,25837798.8,0.02,0.02
3707.1,3704.19,162106.58,25835367.8,162144.61,25839420.45,0.02,0.02
3707.11,3704.2,162113.75,25836990.49,162151.89,25841042.1,0.02,0.02
3707.12,3704.21,162120.86,25838613.24,162159.17,25842663.76,0.02,0.02
3707.13,3704.22,162127.77,25840196.49,162166.45,25844285.41,0.02,0.02
3707.14,3704.23,162134.95,25841819.39,162173.74,25845907.06,0.02,0.02
3707.15,3704.24,162142.13,25843442.36,162181.02,25847528.72,0.02,0.02
3707.16,3704.25,162149.32,25845065.4,162188.3,25849150.37,0.02,0.02
3707.17,3704.26,162156.44,25846688.51,162195.58,25850772.03,0.02,0.02
3707.18,3704.27,162163.72,25848311.7,162202.86,25852393.68,0.02,0.02
3707.19,3704.28,162170.8,25849934.96,162210.15,25854015.33,0.02,0.02
3707.2,3704.29,162177.91,25851558.29,162217.43,25855636.99,0.02,0.02
3707.21,3704.3,162185.1,25853181.69,162224.71,25857258.64,0.02,0.02
3707.22,3704.31,162192.32,25854805.16,162231.99,25858880.29,0.02,0.02
3707.23,3704.32,162199.46,25856428.7,162239.28,25860501.95,0.02,0.02
3707.24,3704.33,162206.66,25858052.32,162246.56,25862123.6,0.02,0.02
3707.25,3704.34,162213.85,25859676,162253.84,25863745.25,0.02,0.02
3707.26,3704.35,162220.99,25861299.76,162261.12,25865366.91,0.02,0.02
3707.27,3704.36,162228.14,25862923.6,162268.4,25866988.56,0.02,0.02
3707.28,3704.37,162235.36,25864547.5,162275.69,25868610.21,0.02,0.02
3707.29,3704.38,162247.04,25866171.49,162282.97,25870231.87,0.02,0.02
3707.3,3704.39,162254.26,25867795.58,162290.25,25871853.52,0.02,0.02
3707.31,3704.4,162261.51,25869419.75,162297.53,25873475.17,0.02,0.02
3707.32,3704.41,162268.74,25871043.98,162304.81,25875096.83,0.02,0.02
3707.33,3704.42,162275.96,25872668.29,162312.1,25876718.48,0.02,0.02
3707.34,3704.43,162283.17,25874292.67,162319.38,25878340.13,0.02,0.02
3707.35,3704.44,162290.42,25875917.13,162326.66,25879961.98,0.02,0.02
3707.36,3704.45,162297.63,25877541.65,162333.88,25881586.04,0.02,0.02
3707.37,3704.46,162304.94,25879166.25,162341.11,25883210.09,0.02,0.02
3707.38,3704.47,162311.8,25880751.3,162348.34,25884834.15,0.02,0.02
3707.39,3704.48,162318.99,25882376.04,162355.57,25886458.2,0.02,0.02
3707.4,3704.49,162326.19,25884000.85,162362.8,25888082.26,0.02,0.02
3707.41,3704.5,162333.48,25885625.74,162370.02,25889706.31,0.02,0.02
3707.42,3704.51,162340.71,25887250.69,162377.25,25891330.37,0.02,0.02
3707.43,3704.52,162347.93,25888875.72,162384.48,25892954.43,0.02,0.02
3707.44,3704.53,162355.19,25890500.83,162391.71,25894578.48,0.02,0.02
3707.45,3704.54,162362.49,25892126,162398.93,25896202.54,0.02,0.02
3707.46,3704.55,162369.72,25893751.25,162406.16,25897826.59,0.02,0.02
3707.47,3704.56,162377.01,25895376.57,162413.39,25899450.65,0.02,0.02
3707.48,3704.57,162384.22,25897001.97,162420.62,25901074.7,0.02,0.02
3707.49,3704.58,162391.52,25898627.43,162427.84,25902698.76,0.02,0.02
3707.5,3704.59,162398.7,25900252.97,162435.07,25904322.81,0.02,0.02
3707.51,3704.6,162405.98,25901878.58,162442.3,25905946.87,0.02,0.02
3707.52,3704.61,162413.18,25903504.27,162449.53,25907570.93,0.02,0.02
3707.53,3704.62,162420.46,25905130.02,162456.76,25909194.98,0.02,0.02
3707.54,3704.63,162427.62,25906755.85,162463.98,25910819.04,0.02,0.02
3707.55,3704.64,162434.84,25908381.75,162471.21,25912443.09,0.02,0.02
3707.56,3704.65,162442.08,25910007.72,162478.44,25914067.15,0.02,0.02
3707.57,3704.66,162449.28,25911633.77,162485.67,25915691.2,0.02,0.02
3707.58,3704.67,162456.48,25913259.88,162492.89,25917315.26,0.02,0.02
3707.59,3704.68,162463.74,25914886.07,162500.12,25918939.31,0.02,0.02
3707.6,3704.69,162471.07,25916512.34,162507.35,25920563.37,0.02,0.02
3707.61,3704.7,162478.21,25918138.67,162514.58,25922187.43,0.02,0.02
3707.62,3704.71,162485.45,25919765.08,162521.8,25923811.48,0.02,0.02
3707.63,3704.72,162492.69,25921351.88,162529.03,25925435.54,0.02,0.02
3707.64,3704.73,162499.97,25922978.43,162536.26,25927059.59,0.02,0.02
3707.65,3704.74,162507.2,25924605.06,162543.49,25928683.65,0.02,0.02
3707.66,3704.75,162514.42,25926231.75,162550.72,25930307.7,0.02,0.02
3707.67,3704.76,162521.67,25927858.52,162557.94,25931931.76,0.02,0.02
3707.68,3704.77,162528.92,25929485.36,162565.15,25933556.46,0.02,0.02
3707.69,3704.78,162536.07,25931112.27,162572.31,25935182.88,0.02,0.02
3707.7,3704.79,162543.26,25932739.25,162579.47,25936809.29,0.02,0.02
3707.71,3704.8,162550.4,25934366.31,162586.63,25938435.71,0.02,0.02
3707.72,3704.81,162557.59,25935993.44,162593.79,25940062.13,0.02,0.02
3707.73,3704.82,162564.72,25937620.64,162600.95,25941688.55,0.02,0.02
3707.74,3704.83,162571.94,25939247.91,162608.11,25943314.97,0.02,0.02
3707.75,3704.84,162579.1,25940875.25,162615.27,25944941.38,0.02,0.02
3707.76,3704.85,162586.31,25942502.66,162622.43,25946567.8,0.02,0.02
3707.77,3704.86,162593.4,25944130.15,162629.59,25948194.22,0.02,0.02
3707.78,3704.87,162600.5,25945757.71,162636.75,25949820.64,0.02,0.02
3707.79,3704.88,162607.66,25947385.33,162643.9,25951447.06,0.02,0.02
3707.8,3704.89,162614.88,25949013.03,162651.06,25953073.47,0.02,0.02
3707.81,3704.9,162622.03,25950640.81,162658.22,25954699.89,0.02,0.02
3707.82,3704.91,162628.93,25952268.65,162665.38,25956326.31,0.02,0.02
3707.83,3704.92,162636.14,25953896.57,162672.54,25957952.73,0.02,0.02
3707.84,3704.93,162643.28,25955524.55,162679.7,25959579.15,0.02,0.02
3707.85,3704.94,162650.53,25957152.61,162686.86,25961205.56,0.02,0.02
3707.86,3704.95,162657.63,25958780.74,162694.02,25962831.98,0.02,0.02
3707.87,3704.96,162664.86,25960408.95,162701.18,25964458.4,0.02,0.02
3707.88,3704.97,162672,25961997.51,162708.34,25966084.82,0.02,0.02
3707.89,3704.98,162679.11,25963625.85,162715.5,25967711.24,0.02,0.02
3707.9,3704.99,162686.21,25965254.27,162722.66,25969337.65,0.02,0.02
3707.91,3705,162693.34,25966882.76,162729.82,25970964.07,0.02,0.02
3707.92,3705.01,162700.45,25968511.31,162736.98,25972590.49,0.02,0.02
3707.93,3705.02,162707.63,25970139.94,162744.13,25974216.91,0.02,0.02
3707.94,3705.03,162714.73,25971768.64,162751.29,25975843.33,0.02,0.02
3707.95,3705.04,162721.87,25973397.42,162758.45,25977469.74,0.02,0.02
3707.96,3705.05,162728.92,25975026.26,162765.61,25979096.16,0.02,0.02
3707.97,3705.06,162736.16,25976655.18,162772.77,25980722.58,0.02,0.02
3707.98,3705.07,162743.28,25978284.16,162779.93,25982349,0.02,0.02
3707.99,3705.08,162750.48,25979913.22,162787.09,25983975.42,0.02,0.02
3708,3705.09,162761.2,25981542.38,162794.25,25985601.83,0.02,0.02
3708.01,3705.1,162768.33,25983171.62,162801.49,25987230.28,0.02,0.02
3708.02,3705.11,162775.51,25984800.93,162808.82,25988861.07,0.02,0.02
3708.03,3705.12,162782.74,25986430.31,162816.15,25990491.87,0.02,0.02
3708.04,3705.13,162789.81,25988059.76,162823.48,25992122.66,0.02,0.02
3708.05,3705.14,162797.01,25989689.29,162830.8,25993753.45,0.02,0.02
3708.06,3705.15,162804.27,25991318.88,162838.13,25995384.25,0.02,0.02
3708.07,3705.16,162811.46,25992948.55,162845.46,25997015.04,0.02,0.02
3708.08,3705.17,162818.56,25994578.29,162852.79,25998645.84,0.02,0.02
3708.09,3705.18,162825.7,25996208.1,162860.12,26000276.63,0.02,0.02
3708.1,3705.19,162832.87,25997837.99,162867.45,26001907.42,0.02,0.02
3708.11,3705.2,162839.99,25999467.94,162874.78,26003538.22,0.02,0.02
3708.12,3705.21,162847.15,26001097.97,162882.11,26005169.01,0.02,0.02
3708.13,3705.22,162855.57,26002688.32,162889.44,26006799.8,0.02,0.02
3708.14,3705.23,162862.69,26004318.5,162896.77,26008430.6,0.02,0.02
3708.15,3705.24,162869.9,26005948.75,162904.1,26010061.39,0.02,0.02
3708.16,3705.25,162877.04,26007579.08,162911.43,26011692.19,0.02,0.02
3708.17,3705.26,162884.25,26009209.48,162918.76,26013322.98,0.02,0.02
3708.18,3705.27,162891.42,26010839.95,162926.08,26014953.77,0.02,0.02
3708.19,3705.28,162898.59,26012470.49,162933.41,26016584.57,0.02,0.02
3708.2,3705.29,162905.74,26014101.1,162940.74,26018215.36,0.02,0.02
3708.21,3705.3,162912.89,26015731.79,162948.07,26019846.15,0.02,0.02
3708.22,3705.31,162920.08,26017362.54,162955.4,26021476.95,0.02,0.02
3708.23,3705.32,162927.26,26018993.37,162962.73,26023107.74,0.02,0.02
3708.24,3705.33,162934.43,26020624.27,162970.06,26024738.54,0.02,0.02
3708.25,3705.34,162941.66,26022255.25,162977.39,26026369.33,0.02,0.02
3708.26,3705.35,162948.89,26023886.29,162984.72,26028000.12,0.02,0.02
3708.27,3705.36,162956.08,26025517.41,162992.05,26029630.92,0.02,0.02
3708.28,3705.37,162963.25,26027148.6,162999.38,26031261.71,0.02,0.02
3708.29,3705.38,162970.47,26028779.86,163006.71,26032892.5,0.02,0.02
3708.3,3705.39,162977.67,26030411.19,163014.04,26034523.3,0.02,0.02
3708.31,3705.4,162984.87,26032042.6,163021.36,26036154.09,0.02,0.02
3708.32,3705.41,162992,26033674.07,163028.69,26037784.89,0.02,0.02
3708.33,3705.42,162999.28,26035305.62,163036.06,26039415.55,0.02,0.02
3708.34,3705.43,163006.44,26036937.24,163043.27,26041046.72,0.02,0.02
3708.35,3705.44,163013.64,26038568.94,163050.49,26042677.9,0.02,0.02
3708.36,3705.45,163020.89,26040200.7,163057.7,26044309.07,0.02,0.02
3708.37,3705.46,163028.07,26041832.54,163064.91,26045940.24,0.02,0.02
3708.38,3705.47,163034.91,26043424.64,163072.12,26047571.42,0.02,0.02
3708.39,3705.48,163042.13,26045056.62,163079.33,26049202.59,0.02,0.02
3708.4,3705.49,163049.26,26046688.67,163086.54,26050833.77,0.02,0.02
3708.41,3705.5,163056.45,26048320.8,163093.75,26052464.94,0.02,0.02
3708.42,3705.51,163063.71,26049952.99,163100.96,26054096.11,0.02,0.02
3708.43,3705.52,163070.91,26051585.26,163108.17,26055727.29,0.02,0.02
3708.44,3705.53,163078.17,26053217.6,163115.38,26057358.46,0.02,0.02
3708.45,3705.54,163085.32,26054850.01,163122.59,26058989.63,0.02,0.02
3708.46,3705.55,163092.58,26056482.5,163129.8,26060620.81,0.02,0.02
3708.47,3705.56,163099.71,26058115.05,163137.02,26062251.98,0.02,0.02
3708.48,3705.57,163106.91,26059747.68,163144.23,26063883.16,0.02,0.02
3708.49,3705.58,163114.17,26061380.38,163151.44,26065514.33,0.02,0.02
3708.5,3705.59,163121.4,26063013.15,163158.65,26067145.5,0.02,0.02
3708.51,3705.6,163128.63,26064646,163165.86,26068776.68,0.02,0.02
3708.52,3705.61,163135.86,26066278.91,163173.07,26070407.85,0.02,0.02
3708.53,3705.62,163143.11,26067911.9,163180.28,26072039.03,0.02,0.02
3708.54,3705.63,163150.3,26069544.96,163187.49,26073670.2,0.02,0.02
3708.55,3705.64,163157.58,26071178.1,163194.7,26075301.37,0.02,0.02
3708.56,3705.65,163164.94,26072811.31,163201.91,26076932.55,0.02,0.02
3708.57,3705.66,163172.18,26074444.59,163209.12,26078563.72,0.02,0.02
3708.58,3705.67,163179.39,26076077.94,163216.33,26080194.89,0.02,0.02
3708.59,3705.68,163186.65,26077711.37,163223.54,26081826.07,0.02,0.02
3708.6,3705.69,163193.86,26079344.86,163230.76,26083457.24,0.02,0.02
3708.61,3705.7,163201.12,26080978.43,163237.97,26085088.42,0.02,0.02
3708.62,3705.71,163208.39,26082612.08,163245.18,26086719.59,0.02,0.02
3708.63,3705.72,163215.56,26084205.94,163252.39,26088350.76,0.02,0.02
3708.64,3705.73,163222.72,26085839.73,163259.6,26089981.94,0.02,0.02
3708.65,3705.74,163229.98,26087473.59,163266.81,26091613.11,0.02,0.02
3708.66,3705.75,163237.18,26089107.51,163274.01,26093243.92,0.02,0.02
3708.67,3705.76,163244.35,26090741.52,163281.28,26094877.47,0.02,0.02
3708.68,3705.77,163252.19,26092375.59,163288.56,26096511.02,0.02,0.02
3708.69,3705.78,163259.5,26094009.75,163295.83,26098144.57,0.02,0.02
3708.7,3705.79,163266.71,26095643.97,163303.1,26099778.12,0.02,0.02
3708.71,3705.8,163273.93,26097278.27,163310.37,26101411.67,0.02,0.02
3708.72,3705.81,163281.24,26098912.64,163317.64,26103045.22,0.02,0.02
3708.73,3705.82,163288.48,26100547.08,163324.92,26104678.77,0.02,0.02
3708.74,3705.83,163295.46,26102181.6,163332.19,26106312.32,0.02,0.02
3708.75,3705.84,163302.71,26103816.18,163339.46,26107945.87,0.02,0.02
3708.76,3705.85,163310.04,26105450.85,163346.73,26109579.42,0.02,0.02
3708.77,3705.86,163317.32,26107085.58,163354,26111212.97,0.02,0.02
3708.78,3705.87,163324.55,26108720.39,163361.28,26112846.52,0.02,0.02
3708.79,3705.88,163331.77,26110355.26,163368.55,26114480.07,0.02,0.02
3708.8,3705.89,163339.05,26111990.22,163375.82,26116113.62,0.02,0.02
3708.81,3705.9,163346.3,26113625.24,163383.09,26117747.17,0.02,0.02
3708.82,3705.91,163353.6,26115260.34,163390.36,26119380.73,0.02,0.02
3708.83,3705.92,163360.83,26116895.51,163397.64,26121014.28,0.02,0.02
3708.84,3705.93,163368.13,26118530.75,163404.91,26122647.83,0.02,0.02
3708.85,3705.94,163375.42,26120166.06,163412.18,26124281.38,0.02,0.02
3708.86,3705.95,163382.69,26121801.45,163419.45,26125914.93,0.02,0.02
3708.87,3705.96,163389.94,26123436.91,163426.72,26127548.48,0.02,0.02
3708.88,3705.97,163397.24,26125032.55,163434,26129182.03,0.02,0.02
3708.89,3705.98,163404.56,26126668.16,163441.27,26130815.58,0.02,0.02
3708.9,3705.99,163411.84,26128303.84,163448.54,26132449.13,0.02,0.02
3708.91,3706,163419.14,26129939.59,163455.81,26134082.68,0.02,0.02
3708.92,3706.01,163426.46,26131575.41,163463.09,26135716.23,0.02,0.02
3708.93,3706.02,163433.74,26133211.31,163470.36,26137349.78,0.02,0.02
3708.94,3706.03,163441.03,26134847.28,163477.63,26138983.33,0.02,0.02
3708.95,3706.04,163448.38,26136483.32,163484.9,26140616.88,0.02,0.02
3708.96,3706.05,163455.62,26138119.44,163492.17,26142250.43,0.02,0.02
3708.97,3706.06,163462.94,26139755.63,163499.45,26143883.98,0.02,0.02
3708.98,3706.07,163470.3,26141391.89,163506.72,26145517.53,0.02,0.02
3708.99,3706.08,163477.65,26143028.23,163513.99,26147151.17,0.02,0.02
3709,3706.09,163485.04,26144664.64,163521.29,26148787.11,0.02,0.02
3709.01,3706.1,163492.31,26146301.12,163528.58,26150423.06,0.02,0.02
3709.02,3706.11,163499.65,26147937.68,163535.88,26152059,0.02,0.02
3709.03,3706.12,163506.92,26149574.31,163543.18,26153694.94,0.02,0.02
3709.04,3706.13,163514.17,26151211.01,163550.48,26155330.88,0.02,0.02
3709.05,3706.14,163521.5,26152847.79,163557.77,26156966.82,0.02,0.02
3709.06,3706.15,163528.83,26154484.63,163565.07,26158602.77,0.02,0.02
3709.07,3706.16,163536.12,26156121.56,163572.37,26160238.71,0.02,0.02
3709.08,3706.17,163543.52,26157758.55,163579.66,26161874.65,0.02,0.02
3709.09,3706.18,163550.85,26159395.62,163586.96,26163510.59,0.02,0.02
3709.1,3706.19,163558.1,26161032.76,163594.26,26165146.53,0.02,0.02
3709.11,3706.2,163565.53,26162669.98,163601.55,26166782.48,0.02,0.02
3709.12,3706.21,163572.77,26164307.27,163608.85,26168418.42,0.02,0.02
3709.13,3706.22,163579.79,26165904.69,163616.15,26170054.36,0.02,0.02
3709.14,3706.23,163587.05,26167542.12,163623.44,26171690.3,0.02,0.02
3709.15,3706.24,163594.39,26169179.63,163630.74,26173326.24,0.02,0.02
3709.16,3706.25,163601.66,26170817.21,163638.04,26174962.19,0.02,0.02
3709.17,3706.26,163608.96,26172454.86,163645.34,26176598.13,0.02,0.02
3709.18,3706.27,163616.3,26174092.59,163652.63,26178234.07,0.02,0.02
3709.19,3706.28,163623.6,26175730.38,163659.93,26179870.01,0.02,0.02
3709.2,3706.29,163630.92,26177368.26,163667.23,26181505.95,0.02,0.02
3709.21,3706.3,163638.2,26179006.2,163674.52,26183141.89,0.02,0.02
3709.22,3706.31,163645.47,26180644.22,163681.82,26184777.84,0.02,0.02
3709.23,3706.32,163652.69,26182282.31,163689.12,26186413.78,0.02,0.02
3709.24,3706.33,163660.03,26183920.47,163696.41,26188049.72,0.02,0.02
3709.25,3706.34,163667.28,26185558.7,163703.71,26189685.66,0.02,0.02
3709.26,3706.35,163674.51,26187197.01,163711.01,26191321.6,0.02,0.02
3709.27,3706.36,163681.77,26188835.39,163718.3,26192957.55,0.02,0.02
3709.28,3706.37,163689.14,26190473.85,163725.6,26194593.49,0.02,0.02
3709.29,3706.38,163696.44,26192112.37,163732.9,26196229.43,0.02,0.02
3709.3,3706.39,163703.74,26193750.97,163740.2,26197865.37,0.02,0.02
3709.31,3706.4,163711.01,26195389.65,163747.49,26199501.31,0.02,0.02
3709.32,3706.41,163718.31,26197028.39,163754.78,26201137.8,0.02,0.02
3709.33,3706.42,163725.57,26198667.21,163762.02,26202776.13,0.02,0.02
3709.34,3706.43,163732.76,26200306.1,163769.26,26204414.46,0.02,0.02
3709.35,3706.44,163739.96,26201945.07,163776.5,26206052.78,0.02,0.02
3709.36,3706.45,163747.19,26203584.1,163783.74,26207691.11,0.02,0.02
3709.37,3706.46,163754.47,26205223.21,163790.98,26209329.44,0.02,0.02
3709.38,3706.47,163761.42,26206822.41,163798.22,26210967.76,0.02,0.02
3709.39,3706.48,163768.69,26208461.66,163805.46,26212606.09,0.02,0.02
3709.4,3706.49,163775.93,26210100.99,163812.7,26214244.42,0.02,0.02
3709.41,3706.5,163783.23,26211740.38,163819.94,26215882.74,0.02,0.02
3709.42,3706.51,163790.55,26213379.85,163827.18,26217521.07,0.02,0.02
3709.43,3706.52,163797.79,26215019.4,163834.43,26219159.4,0.02,0.02
3709.44,3706.53,163805.05,26216659.01,163841.67,26220797.72,0.02,0.02
3709.45,3706.54,163812.33,26218298.7,163848.91,26222436.05,0.02,0.02
3709.46,3706.55,163819.53,26219938.46,163856.15,26224074.38,0.02,0.02
3709.47,3706.56,163826.78,26221578.29,163863.39,26225712.7,0.02,0.02
3709.48,3706.57,163834.01,26223218.2,163870.63,26227351.03,0.02,0.02
3709.49,3706.58,163841.23,26224858.18,163877.87,26228989.36,0.02,0.02
3709.5,3706.59,163848.45,26226498.23,163885.11,26230627.68,0.02,0.02
3709.51,3706.6,163855.72,26228138.35,163892.35,26232266.01,0.02,0.02
3709.52,3706.61,163862.91,26229778.54,163899.59,26233904.34,0.02,0.02
3709.53,3706.62,163870.11,26231418.81,163906.83,26235542.66,0.02,0.02
3709.54,3706.63,163877.4,26233059.15,163914.07,26237180.99,0.02,0.02
3709.55,3706.64,163884.71,26234699.56,163921.31,26238819.32,0.02,0.02
3709.56,3706.65,163891.88,26236340.05,163928.56,26240457.64,0.02,0.02
3709.57,3706.66,163899.07,26237980.6,163935.8,26242095.97,0.02,0.02
3709.58,3706.67,163906.33,26239621.23,163943.04,26243734.3,0.02,0.02
3709.59,3706.68,163913.54,26241261.93,163950.28,26245372.62,0.02,0.02
3709.6,3706.69,163920.72,26242902.71,163957.52,26247010.95,0.02,0.02
3709.61,3706.7,163928.09,26244543.55,163964.76,26248649.28,0.02,0.02
3709.62,3706.71,163935.3,26246184.47,163972,26250287.6,0.02,0.02
3709.63,3706.72,163942.54,26247785.44,163979.24,26251925.93,0.02,0.02
3709.64,3706.73,163949.84,26249426.5,163986.48,26253564.26,0.02,0.02
3709.65,3706.74,163957.06,26251067.64,163993.79,26255204.43,0.02,0.02
3709.66,3706.75,163964.33,26252708.84,164001.18,26256847.14,0.02,0.02
3709.67,3706.76,163971.4,26254350.12,164008.58,26258489.85,0.02,0.02
3709.68,3706.77,163978.69,26255991.48,164015.98,26260132.56,0.02,0.02
3709.69,3706.78,163985.9,26257632.91,164023.37,26261775.27,0.02,0.02
3709.7,3706.79,163993.16,26259274.4,164030.77,26263417.98,0.02,0.02
3709.71,3706.8,164000.37,26260915.98,164038.16,26265060.69,0.02,0.02
3709.72,3706.81,164007.63,26262557.62,164045.56,26266703.4,0.02,0.02
3709.73,3706.82,164014.85,26264199.34,164052.96,26268346.11,0.02,0.02
3709.74,3706.83,164022.1,26265841.12,164060.35,26269988.82,0.02,0.02
3709.75,3706.84,164029.31,26267482.99,164067.75,26271631.53,0.02,0.02
3709.76,3706.85,164036.54,26269124.92,164075.14,26273274.24,0.02,0.02
3709.77,3706.86,164043.8,26270766.92,164082.54,26274916.95,0.02,0.02
3709.78,3706.87,164050.99,26272409,164089.94,26276559.66,0.02,0.02
3709.79,3706.88,164058.21,26274051.15,164097.33,26278202.38,0.02,0.02
3709.8,3706.89,164065.56,26275693.38,164104.73,26279845.09,0.02,0.02
3709.81,3706.9,164072.79,26277335.67,164112.12,26281487.8,0.02,0.02
3709.82,3706.91,164080.04,26278978.04,164119.52,26283130.51,0.02,0.02
3709.83,3706.92,164087.21,26280620.48,164126.92,26284773.22,0.02,0.02
3709.84,3706.93,164094.52,26282262.99,164134.31,26286415.93,0.02,0.02
3709.85,3706.94,164101.75,26283905.58,164141.71,26288058.64,0.02,0.02
3709.86,3706.95,164108.93,26285548.24,164149.1,26289701.35,0.02,0.02
3709.87,3706.96,164116.2,26287190.97,164156.5,26291344.06,0.02,0.02
3709.88,3706.97,164123.49,26288793.7,164163.9,26292986.77,0.02,0.02
3709.89,3706.98,164130.74,26290436.58,164171.29,26294629.48,0.02,0.02
3709.9,3706.99,164142.81,26292079.54,164178.69,26296272.19,0.02,0.02
3709.91,3707,164150.03,26293722.61,164186.08,26297914.9,0.02,0.02
3709.92,3707.01,164157.28,26295365.75,164193.48,26299557.61,0.02,0.02
3709.93,3707.02,164164.48,26297008.96,164200.88,26301200.32,0.02,0.02
3709.94,3707.03,164171.7,26298652.24,164208.27,26302843.03,0.02,0.02
3709.95,3707.04,164178.98,26300295.6,164215.67,26304485.74,0.02,0.02
3709.96,3707.05,164186.26,26301939.03,164223.06,26306128.45,0.02,0.02
3709.97,3707.06,164193.57,26303582.53,164230.53,26307771,0.02,0.02
3709.98,3707.07,164200.8,26305226.11,164237.75,26309414.13,0.02,0.02
3709.99,3707.08,164207.99,26306869.76,164244.97,26311057.25,0.02,0.02
3710,3707.09,164252.26,26312682.81,164252.2,26312700.38,0,0
3710.01,3707.1,164259.57,26314327.4,164259.42,26314343.5,0,0
3710.02,3707.11,164266.88,26315972.07,164266.65,26315986.63,0,0
3710.03,3707.12,164274.05,26317616.8,164273.87,26317629.75,0,0
3710.04,3707.13,164281.29,26319261.61,164281.09,26319272.88,0,0
3710.05,3707.14,164288.63,26320906.49,164288.32,26320916,0,0
3710.06,3707.15,164295.92,26322551.44,164295.54,26322559.12,0,0
3710.07,3707.16,164303.11,26324196.47,164302.77,26324202.25,0,0
3710.08,3707.17,164310.45,26325841.57,164309.99,26325845.37,0,0
3710.09,3707.18,164317.64,26327486.74,164317.21,26327488.5,0,0
3710.1,3707.19,164324.83,26329131.99,164324.44,26329131.62,0,0
3710.11,3707.2,164332.1,26330777.3,164331.66,26330774.75,0,0
3710.12,3707.21,164339.26,26332422.69,164338.89,26332417.87,0,0
3710.13,3707.22,164346.39,26334068.15,164346.11,26334061,0,0
3710.14,3707.23,164353.59,26335713.68,164353.33,26335704.12,0,0
3710.15,3707.24,164360.78,26337359.29,164360.56,26337347.24,0,0
3710.16,3707.25,164367.97,26339004.96,164367.78,26338990.37,0,0
3710.17,3707.26,164375.21,26340650.71,164375.01,26340633.49,0,0
3710.18,3707.27,164382.49,26342296.53,164382.23,26342276.62,0,0
3710.19,3707.28,164389.72,26343942.42,164389.45,26343919.74,0,0
3710.2,3707.29,164396.89,26345588.39,164396.68,26345562.87,0,0
3710.21,3707.3,164403.88,26347168.58,164403.9,26347205.99,0,0
3710.22,3707.31,164411.07,26348814.69,164411.13,26348849.12,0,0
3710.23,3707.32,164418.26,26350460.87,164418.35,26350492.24,0,0
3710.24,3707.33,164425.7,26352107.12,164425.57,26352135.36,0,0
3710.25,3707.34,164432.92,26353753.45,164432.8,26353778.49,0,0
3710.26,3707.35,164440.1,26355399.85,164440.02,26355421.61,0,0
3710.27,3707.36,164447.29,26357046.32,164447.25,26357064.74,0,0
3710.28,3707.37,164454.49,26358692.86,164454.47,26358707.86,0,0
3710.29,3707.38,164461.72,26360339.47,164461.69,26360350.99,0,0
3710.3,3707.39,164468.93,26361986.16,164468.93,26361993.65,0,0
3710.31,3707.4,164476.08,26363632.92,164476.09,26363639.13,0,0
3710.32,3707.41,164483.3,26365279.75,164483.25,26365284.62,0,0
3710.33,3707.42,164490.53,26366926.65,164490.41,26366930.1,0,0
3710.34,3707.43,164497.73,26368573.63,164497.56,26368575.59,0,0
3710.35,3707.44,164504.95,26370220.67,164504.72,26370221.07,0,0
3710.36,3707.45,164512.14,26371867.79,164511.88,26371866.55,0,0
3710.37,3707.46,164519.36,26373514.98,164519.04,26373512.04,0,0
3710.38,3707.47,164526.57,26375162.25,164526.2,26375157.52,0,0
3710.39,3707.48,164533.7,26376809.58,164533.35,26376803.01,0,0
3710.4,3707.49,164540.94,26378456.99,164540.51,26378448.49,0,0
3710.41,3707.5,164548.14,26380104.47,164547.67,26380093.98,0,0
3710.42,3707.51,164555.31,26381752.02,164554.83,26381739.46,0,0
3710.43,3707.52,164562.47,26383399.65,164561.99,26383384.94,0,0
3710.44,3707.53,164569.64,26385047.34,164569.15,26385030.43,0,0
3710.45,3707.54,164576.79,26386695.11,164576.3,26386675.91,0,0
3710.46,3707.55,164583.99,26388342.95,164583.46,26388321.4,0,0
3710.47,3707.56,164591.17,26389990.86,164590.62,26389966.88,0,0
3710.48,3707.57,164598.34,26391638.84,164597.78,26391612.37,0,0
3710.49,3707.58,164605.5,26393286.89,164604.94,26393257.85,0,0
3710.5,3707.59,164612.73,26394935.02,164612.09,26394903.33,0,0
3710.51,3707.6,164619.87,26396583.22,164619.25,26396548.82,0,0
3710.52,3707.61,164626.99,26398231.49,164626.41,26398194.3,0,0
3710.53,3707.62,164634.12,26399879.83,164633.57,26399839.79,0,0
3710.54,3707.63,164641.06,26401462.3,164640.73,26401485.27,0,0
3710.55,3707.64,164648.22,26403110.78,164647.88,26403130.76,0,0
3710.56,3707.65,164655.33,26404759.34,164655.04,26404776.24,0,0
3710.57,3707.66,164662.58,26406407.96,164662.2,26406421.72,0,0
3710.58,3707.67,164669.69,26408056.66,164669.36,26408067.21,0,0
3710.59,3707.68,164676.8,26409705.43,164676.52,26409712.69,0,0
3710.6,3707.69,164683.86,26411354.27,164683.68,26411358.18,0,0
3710.61,3707.7,164691,26413003.18,164690.83,26413003.66,0,0
3710.62,3707.71,164698.13,26414652.16,164697.99,26414649.15,0,0
3710.63,3707.72,164705.18,26416301.21,164705.15,26416294.62,0,0
3710.64,3707.73,164712.36,26417950.34,164712.17,26417942.43,0,0
3710.65,3707.74,164719.49,26419599.53,164719.2,26419590.24,0,0
3710.66,3707.75,164726.59,26421248.8,164726.22,26421238.05,0,0
3710.67,3707.76,164733.63,26422898.14,164733.24,26422885.86,0,0
3710.68,3707.77,164740.74,26424547.54,164740.26,26424533.67,0,0
3710.69,3707.78,164747.77,26426197.02,164747.29,26426181.48,0,0
3710.7,3707.79,164754.85,26427846.57,164754.31,26427829.29,0,0
3710.71,3707.8,164761.91,26429496.19,164761.33,26429477.1,0,0
3710.72,3707.81,164768.9,26431145.88,164768.35,26431124.91,0,0
3710.73,3707.82,164775.94,26432795.65,164775.38,26432772.72,0,0
3710.74,3707.83,164782.9,26434445.48,164782.4,26434420.54,0,0
3710.75,3707.84,164790.01,26436095.38,164789.42,26436068.35,0,0
3710.76,3707.85,164797.09,26437745.35,164796.45,26437716.16,0,0
3710.77,3707.86,164804.12,26439395.4,164803.47,26439363.97,0,0
3710.78,3707.87,164811.16,26441045.51,164810.49,26441011.78,0,0
3710.79,3707.88,164818.17,26442695.69,164817.51,26442659.59,0,0
3710.8,3707.89,164825.27,26444345.95,164824.54,26444307.4,0,0
3710.81,3707.9,164832.26,26445996.27,164831.56,26445955.21,0,0
3710.82,3707.91,164839.23,26447646.67,164838.58,26447603.02,0,0
3710.83,3707.92,164846.2,26449297.13,164845.6,26449250.83,0,0
3710.84,3707.93,164853.27,26450947.67,164852.63,26450898.64,0,0
3710.85,3707.94,164860.31,26452598.28,164859.65,26452546.45,0,0
3710.86,3707.95,164867.04,26454182.92,164866.67,26454194.26,0,0
3710.87,3707.96,164874.01,26455833.67,164873.69,26455842.07,0,0
3710.88,3707.97,164881.04,26457484.48,164880.72,26457489.88,0,0
3710.89,3707.98,164888.06,26459135.36,164887.74,26459137.69,0,0
3710.9,3707.99,164895.07,26460786.32,164894.76,26460785.5,0,0
3710.91,3708,164902.1,26462437.34,164901.79,26462433.31,0,0
3710.92,3708.01,164909.08,26464088.44,164908.81,26464081.12,0,0
3710.93,3708.02,164916.15,26465739.6,164915.83,26465728.93,0,0
3710.94,3708.03,164923.09,26467390.84,164922.85,26467376.74,0,0
3710.95,3708.04,164930.04,26469042.14,164929.88,26469024.55,0,0
3710.96,3708.05,164936.99,26470693.52,164936.89,26470672.79,0,0
3710.97,3708.06,164943.92,26472344.96,164943.84,26472322.9,0,0
3710.98,3708.07,164950.87,26473996.47,164950.79,26473973,0,0
3710.99,3708.08,164957.84,26475648.06,164957.74,26475623.1,0,0
3711,3708.09,164964.86,26477299.71,164964.69,26477273.2,0,0
